"8bitoperator JVE";12;False;False;1;0;1;1
32;17;19;3;16;3;0
33;835;582;4;13;6;1
34;856;148;5;8;6;0
35;147;835;7;13;8;0
36;25;1;6;15;7;0
37;156;835;7;13;8;0
38;165;835;7;13;8;0
39;860;46;2;8;3;0
40;835;820;4;13;5;0
41;174;835;4;13;5;0
42;849;168;8;11;9;0
43;848;137;6;11;7;0
44;28;18;2;15;3;0
45;851;34;6;9;7;0
46;799;608;2;13;3;0
47;430;385;6;14;7;0
48;180;835;6;13;7;0
49;188;835;6;13;7;0
50;196;835;6;13;7;0
51;204;835;6;13;7;0
52;212;835;6;13;7;0
53;220;835;6;13;7;0
54;228;835;6;13;7;0
55;236;835;6;13;7;0
56;244;835;6;13;7;0
57;252;835;6;13;7;0
58;837;412;2;13;3;0
59;33;1;2;15;3;0
60;260;835;5;13;6;0
61;856;136;6;10;7;0
62;267;835;5;13;6;0
63;274;835;6;13;7;0
64;282;835;6;13;7;0
65;290;835;6;13;7;0
66;333;835;6;13;7;0
67;341;835;6;13;7;0
68;349;835;6;13;7;0
69;357;835;6;13;7;0
70;365;835;6;13;7;0
71;373;835;6;13;7;0
72;381;835;6;13;7;0
73;389;835;6;13;7;0
74;397;835;6;13;7;0
75;405;835;6;13;7;0
76;413;835;6;13;7;0
77;421;835;7;13;8;0
78;430;835;6;13;7;0
79;438;835;6;13;7;0
80;446;835;6;13;7;0
81;1;37;6;15;7;0
82;454;835;6;13;7;0
83;462;835;6;13;7;0
84;470;835;6;13;7;0
85;478;835;6;13;7;0
86;500;835;6;13;7;0
87;508;835;7;13;8;0
88;517;835;6;13;7;0
89;525;835;6;13;7;0
90;533;835;6;13;7;0
91;541;835;4;13;5;0
92;703;561;6;14;7;0
93;547;835;4;13;5;0
94;851;269;6;7;7;0
95;22;19;4;16;5;0
96;441;106;3;5;4;0
97;553;835;6;13;7;0
98;561;835;6;13;7;0
99;569;835;6;13;7;0
100;820;417;6;13;7;0
101;820;657;6;13;7;0
102;820;449;6;13;7;0
103;1;1;6;16;7;0
104;430;401;6;13;7;0
105;820;672;6;13;7;0
106;9;1;6;16;7;0
107;820;464;6;13;7;0
108;820;687;6;13;7;0
109;781;577;7;13;8;0
110;820;479;6;13;7;0
111;820;702;6;13;7;0
112;17;1;6;16;7;0
113;1;19;6;16;7;0
114;820;494;6;13;7;0
115;820;717;6;13;7;0
116;820;509;6;13;7;0
117;820;732;6;13;7;0
118;820;524;6;13;7;0
119;794;593;7;13;8;0
120;820;747;6;13;7;0
121;9;19;6;16;7;0
122;820;539;6;13;7;0
123;820;762;5;13;6;0
124;292;225;2;13;3;0
125;828;582;5;13;6;0
126;851;107;7;9;8;0
127;851;248;7;9;8;0
160;542;161;1;12;2;1
183;823;807;2;9;14;6
215;849;59;7;11;14;3
224;99;835;6;13;10;2
236;107;835;6;13;10;2
237;115;835;6;13;10;2
257;123;835;6;13;10;2
275;131;835;6;13;10;2
283;139;835;6;13;10;2
8203;841;168;6;12;10;2
8212;851;259;9;8;14;2
8220;841;86;5;7;14;5
8221;850;158;5;7;14;3
8230;851;238;10;8;14;1
8546;838;331;11;12;14;1
8592;839;195;11;10;14;1
8593;486;835;5;13;14;4
8594;851;22;11;10;14;1
8595;493;835;5;13;14;4
9688;841;168;6;12;10;2
12288;542;161;1;12;14;1
12289;836;537;3;12;14;4
12290;819;625;4;13;14;3
12295;9;37;11;14;14;1
12298;577;835;6;12;14;4
12299;585;835;6;12;14;3
12300;859;34;3;10;14;8
12301;794;608;3;13;14;3
12302;593;835;5;12;14;6
12303;32;18;5;14;14;3
12304;820;777;5;13;14;6
12305;820;792;5;13;14;3
12353;441;1;7;13;14;3
12354;793;817;9;13;14;2
12355;600;835;6;12;14;4
12356;608;835;9;12;14;3
12357;619;835;6;12;14;3
12358;627;835;7;12;14;3
12359;636;835;7;12;14;3
12360;645;835;7;12;14;3
12361;654;835;8;12;14;3
12362;664;835;9;12;14;3
12363;804;817;10;13;14;1
12364;828;1;11;13;14;1
12365;827;241;6;13;14;3
12366;827;65;9;13;14;3
12367;835;80;4;13;14;4
12368;827;337;9;13;14;3
12369;441;273;8;13;14;2
12370;826;177;10;13;14;2
12371;841;73;8;11;14;2
12372;839;396;10;11;14;2
12373;675;835;7;12;14;3
12374;684;835;9;12;14;3
12375;695;835;5;12;14;3
12376;702;835;8;12;14;3
12377;441;145;8;13;14;2
12378;825;625;10;13;14;2
12379;557;1;8;13;14;2
12380;828;16;10;13;14;2
12381;712;835;8;12;14;2
12382;722;835;10;12;14;2
12383;734;835;9;12;14;2
12384;745;835;10;12;14;2
12385;441;16;8;13;14;2
12386;828;256;10;13;14;2
12387;757;835;7;12;14;3
12388;766;835;8;12;14;2
12389;776;835;9;12;14;2
12390;787;835;8;12;14;2
12391;797;835;11;12;14;1
12392;441;288;7;13;14;3
12393;826;432;9;13;14;3
12394;828;95;9;13;14;2
12395;828;192;9;13;14;2
12396;828;640;10;13;14;2
12397;828;31;9;13;14;2
12398;828;271;9;13;14;2
12399;441;160;8;13;14;2
12400;828;352;10;13;14;2
12401;828;447;10;13;14;2
12402;828;110;9;13;14;2
12403;828;207;10;13;14;2
12404;828;655;10;13;14;2
12405;828;46;9;13;14;2
12406;828;286;10;13;14;2
12407;828;367;10;13;14;2
12408;852;181;10;9;14;2
12409;852;192;10;9;14;2
12410;852;203;10;9;14;2
12411;557;16;8;13;14;2
12412;828;462;10;13;14;2
12413;828;125;11;13;14;1
12414;441;31;6;13;14;3
12415;828;222;9;13;14;2
12416;828;670;10;13;14;2
12417;810;832;9;12;14;1
12418;441;303;7;13;14;3
12419;828;301;9;13;14;2
12420;828;382;9;13;14;2
12421;441;175;8;13;14;2
12422;828;477;10;13;14;2
12423;557;31;7;13;14;3
12424;441;46;8;13;14;2
12425;441;318;7;13;14;3
12426;828;80;5;13;14;4
12427;441;190;7;13;14;4
12428;821;835;10;12;14;2
12429;557;46;7;13;14;3
12430;841;1;8;12;14;2
12431;840;16;9;12;14;2
12434;441;61;7;13;14;3
12435;840;252;9;12;14;3
12449;839;271;7;12;14;3
12450;441;333;8;13;14;2
12451;837;760;5;12;14;3
12452;557;61;5;13;14;3
12453;441;76;7;13;14;3
12454;828;140;9;13;14;2
12455;851;46;7;10;14;3
12456;840;182;9;11;14;2
12457;839;222;7;12;14;2
12458;28;35;9;14;14;2
12459;836;567;7;12;14;2
12460;839;31;10;12;14;2
12461;441;348;6;13;14;2
12462;828;685;9;13;14;2
12463;838;805;6;12;14;3
12464;841;236;8;12;14;3
12465;841;285;8;12;14;2
12466;839;95;10;12;14;2
12467;828;612;7;11;14;3
12468;840;455;9;11;14;3
12469;828;316;9;13;14;2
12470;828;397;9;13;14;2
12471;441;91;8;13;14;2
12472;828;492;10;13;14;2
12473;839;140;7;12;14;3
12474;841;581;8;12;14;3
12475;840;597;9;12;14;2
12476;839;301;10;12;14;2
12477;828;155;6;13;14;3
12478;828;700;9;13;14;2
12479;828;412;7;13;14;2
12480;828;507;10;13;14;2
12481;828;715;9;13;14;2
12482;828;522;10;13;14;2
12483;828;730;6;13;14;3
12484;828;537;6;13;14;3
12485;828;745;9;13;14;2
12486;828;552;9;13;14;2
12487;39;1;11;14;14;1
12488;816;817;5;13;14;4
12489;828;760;7;13;14;4
12490;839;745;7;12;14;3
12491;840;207;9;10;14;2
12492;839;551;6;12;14;4
12493;828;567;6;13;14;3
12494;844;759;5;12;14;4
12495;840;653;9;11;14;2
12496;839;699;10;11;14;2
12497;839;788;10;11;14;2
12498;841;819;6;12;14;3
12499;841;45;8;12;14;3
12500;841;109;8;12;14;3
12501;828;597;7;13;14;2
12502;827;775;10;13;14;2
12503;827;790;10;13;14;2
12504;851;72;10;10;14;2
12505;851;214;10;10;14;2
12506;851;84;10;10;14;2
12507;827;805;9;13;14;2
12508;823;820;10;13;14;2
12509;1;838;10;13;14;2
12510;841;154;7;12;14;3
12511;841;611;6;12;14;3
12512;841;315;8;12;14;2
12513;837;625;6;12;14;3
12514;840;427;9;12;14;2
12515;13;838;8;13;14;2
12516;841;833;8;12;14;2
12517;841;409;8;11;14;3
12518;851;226;10;10;14;2
12519;841;468;7;11;14;3
12520;833;835;6;12;14;3
12521;841;59;6;12;14;3
12522;835;237;4;13;14;4
12523;839;382;10;12;14;1
12524;841;123;6;12;14;3
12525;841;712;6;11;14;3
12526;23;837;7;13;14;3
12527;32;837;9;13;14;2
12530;43;837;8;13;14;3
12531;53;835;8;13;14;2
12539;841;168;6;12;10;2
12540;851;1;11;8;14;1
19968;851;11;11;9;14;1
19969;39;17;11;14;14;1
19971;39;33;11;14;14;1
19975;52;1;11;14;14;1
19976;52;17;11;14;14;1
19977;52;33;11;14;14;1
19978;1;54;11;14;14;1
19979;14;53;11;14;14;1
19981;27;51;11;14;14;1
19982;40;49;11;14;14;1
19984;65;1;11;14;14;1
19985;65;17;11;14;14;1
19987;65;33;11;14;14;1
19988;53;49;11;14;14;1
19990;1;70;11;14;14;1
19994;14;69;11;14;14;1
19995;27;67;11;14;14;1
19996;40;65;11;14;14;1
19997;53;65;11;14;14;1
20002;78;1;11;14;14;1
20004;78;17;11;14;14;1
20005;78;33;11;14;14;1
20007;66;49;11;14;14;1
20010;66;65;11;14;14;1
20011;1;86;11;14;14;1
20013;14;85;9;14;14;2
20016;25;85;11;14;14;1
20018;38;83;11;14;14;1
20020;51;81;11;14;14;1
20022;845;565;4;12;14;4
20024;64;81;11;14;14;1
20025;77;81;11;14;14;1
20026;91;1;11;14;14;1
20027;91;17;11;14;14;1
20029;91;33;11;14;14;1
20030;90;49;11;14;14;1
20035;79;65;11;14;14;1
20037;90;81;11;14;14;1
20040;1;102;11;14;14;1
20041;14;101;11;14;14;1
20043;92;65;10;14;14;2
20044;27;101;11;14;14;1
20045;40;99;11;14;14;1
20046;53;97;11;14;14;1
20047;66;97;11;14;14;1
20048;79;97;11;14;14;1
20052;103;49;11;14;14;1
20054;104;1;11;14;14;1
20056;104;65;11;14;14;1
20061;104;17;11;14;14;1
20062;104;33;10;14;14;1
20063;103;81;11;14;14;1
20064;92;97;10;14;14;1
20065;104;97;11;14;14;1
20070;116;81;11;14;14;1
20080;117;1;11;14;14;1
20081;117;97;11;14;14;1
20083;117;17;11;14;14;1
20102;79;49;9;14;14;2
20104;117;33;11;14;14;1
20105;116;49;11;14;14;1
20107;117;65;11;14;14;1
20108;63;835;11;13;14;1
20110;1;118;11;14;14;1
20111;14;117;11;14;14;1
20113;27;117;11;14;14;1
20114;40;115;11;14;14;1
20116;53;113;11;14;14;1
20117;66;113;11;14;14;1
20118;79;113;11;14;14;1
20122;92;113;11;14;14;1
20123;105;113;11;14;14;1
20129;129;49;11;14;14;1
20132;129;81;11;14;14;1
20134;130;1;11;14;14;1
20135;130;65;11;14;14;1
20139;130;97;11;14;14;1
20142;130;17;11;14;14;1
20146;130;33;11;14;14;1
20149;118;113;11;14;14;1
20154;1;134;11;14;14;1
20155;14;133;4;14;14;1
20159;20;133;11;14;14;1
20160;33;133;11;14;14;1
20161;46;131;11;14;14;1
20163;59;129;11;14;14;1
20165;72;129;11;14;14;1
20166;85;129;11;14;14;1
20167;98;129;11;14;14;1
20170;111;129;11;14;14;1
20171;124;129;11;14;14;1
20173;142;81;11;14;14;1
20174;142;49;11;14;14;1
20177;131;113;11;14;14;1
20179;143;1;11;14;14;1
20180;143;65;11;14;14;1
20182;143;97;11;14;14;1
20183;143;17;11;14;14;1
20184;143;33;11;14;14;1
20185;137;129;11;14;14;1
20195;1;150;11;14;14;1
20196;14;149;11;14;14;1
20197;144;113;10;14;14;2
20200;27;149;11;14;14;1
20202;40;149;11;14;14;1
20204;53;147;11;14;14;1
20208;66;145;11;14;14;1
20214;79;145;11;14;14;1
20215;92;145;11;14;14;1
20219;105;145;11;14;14;1
20221;118;145;11;14;14;1
20223;131;145;11;14;14;1
20225;155;81;11;14;14;1
20237;155;49;11;14;14;1
20238;156;97;11;14;14;1
20239;156;1;11;14;14;1
20240;156;65;11;14;14;1
20241;156;113;11;14;14;1
20247;156;17;11;14;14;1
20248;156;33;11;14;14;1
20249;144;145;11;14;14;1
20250;150;129;11;14;14;1
20254;1;166;11;14;14;1
20255;14;165;11;14;14;1
20256;27;165;11;14;14;1
20260;40;165;11;14;14;1
20262;53;163;11;14;14;1
20266;66;161;11;14;14;1
20267;79;161;11;14;14;1
20271;92;161;11;14;14;1
20272;105;161;11;14;14;1
20276;118;161;11;14;14;1
20278;131;161;11;14;14;1
20280;144;161;11;14;14;1
20282;168;81;11;14;14;1
20284;168;49;11;14;14;1
20294;169;97;11;14;14;1
20301;169;1;11;14;14;1
20302;169;65;11;14;14;1
20303;169;113;11;14;14;1
20305;169;17;11;14;14;1
20307;169;33;11;14;14;1
20309;163;129;11;14;14;1
20313;157;145;11;14;14;1
20315;157;161;11;14;14;1
20316;181;81;11;14;14;1
20320;181;49;11;14;14;1
20323;182;97;11;14;14;1
20329;182;1;11;14;14;1
20339;182;65;11;14;14;1
20346;182;113;11;14;14;1
20351;182;17;11;14;14;1
20355;182;33;11;14;14;1
20358;176;129;11;14;14;1
20360;170;145;11;14;14;1
20363;170;161;11;14;14;1
20365;1;182;11;14;14;1
20379;14;181;11;14;14;1
20381;27;181;11;14;14;1
20384;40;181;11;14;14;1
20387;53;179;11;14;14;1
20389;66;177;11;14;14;1
20391;79;177;11;14;14;1
20398;92;177;11;14;14;1
20405;105;177;11;14;14;1
20415;118;177;11;14;14;1
20419;131;177;11;14;14;1
20426;144;177;11;14;14;1
20432;157;177;11;14;14;1
20433;170;177;11;14;14;1
20439;194;81;11;14;14;1
20440;194;49;11;14;14;1
20445;195;97;11;14;14;1
20449;195;1;11;14;14;1
20457;195;65;11;14;14;1
20462;195;113;11;14;14;1
20463;195;17;11;14;14;1
20465;195;33;11;14;14;1
20474;189;129;11;14;14;1
20493;183;145;11;14;14;1
20498;183;161;11;14;14;1
20503;183;177;11;14;14;1
20504;1;198;11;14;14;1
20505;14;197;11;14;14;1
20511;27;197;11;14;14;1
20518;40;197;11;14;14;1
20538;53;195;11;14;14;1
20540;66;193;11;14;14;1
20542;79;193;11;14;14;1
20551;92;193;11;14;14;1
20559;105;193;11;14;14;1
20570;118;193;11;14;14;1
20572;131;193;11;14;14;1
20581;144;193;11;14;14;1
20598;157;193;11;14;14;1
20599;170;193;11;14;14;1
20607;183;193;11;14;14;1
20608;207;81;11;14;14;1
20613;207;49;11;14;14;1
20621;208;97;11;14;14;1
20648;208;1;11;14;14;1
20652;208;65;11;14;14;1
20658;208;113;11;14;14;1
20667;208;17;11;14;14;1
20677;208;33;11;14;14;1
20687;202;129;11;14;14;1
20698;196;145;11;14;14;1
20717;196;161;11;14;14;1
20725;196;177;11;14;14;1
20769;196;193;11;14;14;1
20799;1;214;11;14;14;1
20800;14;213;11;14;14;1
20801;27;213;11;14;14;1
20803;40;213;11;14;14;1
20804;53;211;11;14;14;1
20805;66;209;11;14;14;1
20806;79;209;11;14;14;1
20808;92;209;11;14;14;1
20809;105;209;11;14;14;1
20811;118;209;11;14;14;1
20813;131;209;11;14;14;1
20817;144;209;11;14;14;1
20820;157;209;11;14;14;1
20826;170;209;11;14;14;1
20828;183;209;11;14;14;1
20834;196;209;11;14;14;1
20837;220;81;11;14;14;1
20840;220;49;11;14;14;1
20843;221;97;11;14;14;1
20844;221;1;11;14;14;1
20845;221;65;11;14;14;1
20846;221;113;11;14;14;1
20848;221;17;11;14;14;1
20849;221;33;11;14;14;1
20851;215;129;11;14;14;1
20852;209;145;11;14;14;1
20853;209;161;11;14;14;1
20854;209;177;11;14;14;1
20855;209;193;11;14;14;1
20856;209;209;11;14;14;1
20857;1;230;11;14;14;1
20859;14;229;11;14;14;1
20860;27;229;11;14;14;1
20861;40;229;11;14;14;1
20864;53;227;11;14;14;1
20869;222;145;9;14;14;2
20876;66;225;11;14;14;1
20877;79;225;11;14;14;1
20882;222;161;10;14;14;2
20885;92;225;11;14;14;1
20889;105;225;11;14;14;1
20891;118;225;11;14;14;1
20892;131;225;11;14;14;1
20896;144;225;11;14;14;1
20898;157;225;11;14;14;1
20900;170;225;11;14;14;1
20901;183;225;11;14;14;1
20908;196;225;11;14;14;1
20912;209;225;11;14;14;1
20914;233;81;11;14;14;1
20915;233;49;11;14;14;1
20917;228;129;11;14;14;1
20919;234;1;11;14;14;1
20923;234;65;11;14;14;1
20925;233;145;11;14;14;1
20928;234;97;11;14;14;1
20934;234;17;11;14;14;1
20937;234;161;11;14;14;1
20939;234;113;11;14;14;1
20940;234;33;11;14;14;1
20943;222;177;11;14;14;1
20945;222;193;11;14;14;1
20955;222;209;11;14;14;1
20957;222;225;11;14;14;1
20960;1;246;11;14;14;1
20961;14;245;11;14;14;1
20964;27;245;11;14;14;1
20973;40;245;11;14;14;1
20975;53;243;11;14;14;1
20976;66;241;11;14;14;1
20979;79;241;11;14;14;1
20982;92;241;11;14;14;1
20985;105;241;11;14;14;1
20986;118;241;11;14;14;1
20987;131;241;11;14;14;1
20991;144;241;11;14;14;1
20992;157;241;11;14;14;1
20993;235;177;10;14;14;1
20995;170;241;11;14;14;1
20998;183;241;11;14;14;1
20999;196;241;11;14;14;1
21002;209;241;11;14;14;1
21009;222;241;11;14;14;1
21010;246;81;11;14;14;1
21015;241;129;11;14;14;1
21017;246;49;11;14;14;1
21018;246;145;11;14;14;1
21019;247;97;11;14;14;1
21021;247;1;11;14;14;1
21024;247;65;11;14;14;1
21028;247;161;11;14;14;1
21032;247;113;11;14;14;1
21033;247;17;11;14;14;1
21035;247;177;11;14;14;1
21038;247;33;11;14;14;1
21040;235;193;11;14;14;1
21046;235;209;11;14;14;1
21047;235;225;11;14;14;1
21048;235;241;11;14;14;1
21049;259;81;11;14;14;1
21050;254;129;11;14;14;1
21051;259;49;11;14;14;1
21058;259;145;11;14;14;1
21059;260;97;11;14;14;1
21066;260;1;11;14;14;1
21069;260;65;11;14;14;1
21073;260;161;11;14;14;1
21093;260;113;11;14;14;1
21095;260;17;11;14;14;1
21097;260;177;11;14;14;1
21098;260;33;11;14;14;1
21103;248;193;11;14;14;1
21106;248;209;11;14;14;1
21128;248;225;11;14;14;1
21147;261;193;10;14;14;1
21149;248;241;11;14;14;1
21150;1;262;11;14;14;1
21151;14;261;11;14;14;1
21152;27;261;11;14;14;1
21153;40;261;11;14;14;1
21155;53;259;11;14;14;1
21160;66;257;11;14;14;1
21161;79;257;11;14;14;1
21162;92;257;11;14;14;1
21163;105;257;11;14;14;1
21169;118;257;11;14;14;1
21170;131;257;11;14;14;1
21171;144;257;11;14;14;1
21183;157;257;11;14;14;1
21187;170;257;11;14;14;1
21191;261;209;10;14;14;1
21193;183;257;11;14;14;1
21195;196;257;11;14;14;1
21202;209;257;11;14;14;1
21215;222;257;11;14;14;1
21220;235;257;11;14;14;1
21242;248;257;11;14;14;1
21246;272;81;11;14;14;1
21247;267;129;11;14;14;1
21253;272;49;11;14;14;1
21254;272;145;11;14;14;1
21261;273;97;11;14;14;1
21264;273;1;11;14;14;1
21269;76;835;10;13;14;2
21270;273;65;11;14;14;1
21271;273;161;11;14;14;1
21273;273;113;11;14;14;1
21280;273;17;10;14;14;2
21283;273;33;10;14;14;2
21290;273;177;10;14;14;2
21305;273;193;10;14;14;2
21306;273;209;10;14;14;2
21307;261;225;10;14;14;2
21310;273;225;11;14;14;1
21311;261;241;10;14;14;2
21313;273;241;11;14;14;1
21315;261;257;11;14;14;1
21319;1;278;11;14;14;1
21320;14;277;11;14;14;1
21322;27;277;11;14;14;1
21326;40;277;11;14;14;1
21327;53;275;11;14;14;1
21329;66;273;11;14;14;1
21330;79;273;11;14;14;1
21331;92;273;11;14;14;1
21333;105;273;11;14;14;1
21334;118;273;11;14;14;1
21335;131;273;11;14;14;1
21338;144;273;11;14;14;1
21340;274;257;7;14;14;4
21343;157;273;11;14;14;1
21344;170;273;10;14;14;2
21345;182;273;11;14;14;1
21346;195;273;11;14;14;1
21350;208;273;11;14;14;1
21351;221;273;11;14;14;1
21355;234;273;11;14;14;1
21359;247;273;11;14;14;1
21360;260;273;11;14;14;1
21361;273;273;11;14;14;1
21363;285;81;10;14;14;2
21364;285;17;11;14;14;1
21365;280;129;11;14;14;1
21367;285;177;11;14;14;1
21368;283;257;11;14;14;1
21375;285;33;11;14;14;1
21378;285;145;11;14;14;1
21380;285;193;11;14;14;1
21381;285;49;11;14;14;1
21382;285;209;11;14;14;1
21385;1;294;11;14;14;1
21387;14;293;11;14;14;1
21388;27;293;11;14;14;1
21397;40;293;11;14;14;1
21400;53;291;11;14;14;1
21402;66;289;11;14;14;1
21407;79;289;11;14;14;1
21416;92;289;11;14;14;1
21417;105;289;11;14;14;1
21435;118;289;11;14;14;1
21442;131;289;11;14;14;1
21448;144;289;11;14;14;1
21450;157;289;11;14;14;1
21451;170;289;11;14;14;1
21452;183;289;11;14;14;1
21453;196;289;11;14;14;1
21457;209;289;11;14;14;1
21460;222;289;11;14;14;1
21462;235;289;11;14;14;1
21463;248;289;11;14;14;1
21464;261;289;11;14;14;1
21465;274;289;11;14;14;1
21467;286;1;11;14;14;1
21472;286;161;11;14;14;1
21475;88;835;9;13;14;2
21476;286;65;11;14;14;1
21477;286;273;11;14;14;1
21478;299;1;10;14;14;2
21480;298;17;11;14;14;1
21481;298;81;11;14;14;1
21482;298;177;11;14;14;1
21483;299;33;10;14;14;1
21484;299;97;10;14;14;1
21485;298;193;11;14;14;1
21486;298;49;11;14;14;1
21487;286;113;11;14;14;1
21488;298;209;11;14;14;1
21490;286;97;11;14;14;1
21491;293;129;11;14;14;1
21494;298;145;11;14;14;1
21495;296;225;11;14;14;1
21496;299;65;10;14;14;1
21497;286;241;11;14;14;1
21500;296;257;11;14;14;1
21501;287;289;11;14;14;1
21505;1;310;11;14;14;1
21507;14;309;11;14;14;1
21508;27;309;11;14;14;1
21512;40;309;11;14;14;1
21513;53;307;11;14;14;1
21514;66;305;11;14;14;1
21516;299;113;10;14;14;2
21517;79;305;11;14;14;1
21518;92;305;11;14;14;1
21520;105;305;11;14;14;1
21521;118;305;11;14;14;1
21523;131;305;11;14;14;1
21527;144;305;11;14;14;1
21531;157;305;11;14;14;1
21534;170;305;11;14;14;1
21535;183;305;11;14;14;1
21536;196;305;11;14;14;1
21542;209;305;11;14;14;1
21543;222;305;11;14;14;1
21544;235;305;11;14;14;1
21545;248;305;11;14;14;1
21547;261;305;11;14;14;1
21548;274;305;11;14;14;1
21549;287;305;11;14;14;1
21551;299;161;11;14;14;1
21553;299;241;11;14;14;1
21557;299;273;11;14;14;1
21560;306;129;11;14;14;1
21561;309;225;11;14;14;1
21563;309;257;11;14;14;1
21564;311;1;11;14;14;1
21566;311;145;11;14;14;1
21568;311;177;11;14;14;1
21571;311;17;11;14;14;1
21574;311;193;11;14;14;1
21576;311;33;11;14;14;1
21578;311;209;11;14;14;1
21584;311;49;11;14;14;1
21588;311;65;11;14;14;1
21589;311;81;11;14;14;1
21591;311;97;11;14;14;1
21592;311;113;11;14;14;1
21595;300;289;11;14;14;1
21596;300;305;11;14;14;1
21602;312;241;11;14;14;1
21603;312;161;11;14;14;1
21606;319;129;11;14;14;1
21608;312;273;11;14;14;1
21617;322;225;11;14;14;1
21618;324;1;11;14;14;1
21619;324;145;11;14;14;1
21621;322;257;11;14;14;1
21624;324;177;11;14;14;1
21628;324;17;11;14;14;1
21629;324;193;11;14;14;1
21634;324;33;11;14;14;1
21636;324;209;11;14;14;1
21638;324;49;11;14;14;1
21643;324;65;11;14;14;1
21644;324;81;11;14;14;1
21646;324;97;11;14;14;1
21647;324;113;11;14;14;1
21648;313;289;11;14;14;1
21650;313;305;11;14;14;1
21652;1;326;11;14;14;1
21653;14;325;11;14;14;1
21654;27;325;11;14;14;1
21657;40;325;11;14;14;1
21658;53;323;11;14;14;1
21667;66;321;11;14;14;1
21670;79;321;11;14;14;1
21671;92;321;11;14;14;1
21672;105;321;11;14;14;1
21673;118;321;11;14;14;1
21674;131;321;11;14;14;1
21676;144;321;11;14;14;1
21679;157;321;11;14;14;1
21681;170;321;11;14;14;1
21683;183;321;11;14;14;1
21688;196;321;11;14;14;1
21691;209;321;11;14;14;1
21693;222;321;11;14;14;1
21695;235;321;11;14;14;1
21696;248;321;11;14;14;1
21697;261;321;11;14;14;1
21700;274;321;11;14;14;1
21702;287;321;11;14;14;1
21703;300;321;11;14;14;1
21704;313;321;11;14;14;1
21705;325;241;11;14;14;1
21709;325;161;11;14;14;1
21710;332;129;11;14;14;1
21712;325;273;11;14;14;1
21713;335;225;11;14;14;1
21714;337;1;11;14;14;1
21716;337;145;11;14;14;1
21719;335;257;11;14;14;1
21725;337;177;11;14;14;1
21727;337;17;11;14;14;1
21733;337;193;11;14;14;1
21734;337;33;11;14;14;1
21735;337;209;11;14;14;1
21736;337;49;11;14;14;1
21737;337;65;11;14;14;1
21738;337;81;11;14;14;1
21741;337;97;11;14;14;1
21742;337;113;11;14;14;1
21746;326;289;11;14;14;1
21754;326;305;11;14;14;1
21756;326;321;11;14;14;1
21757;1;342;11;14;14;1
21761;14;341;11;14;14;1
21767;27;341;11;14;14;1
21769;40;341;11;14;14;1
21776;53;339;11;14;14;1
21780;66;337;11;14;14;1
21796;79;337;11;14;14;1
21799;92;337;11;14;14;1
21804;105;337;11;14;14;1
21806;118;337;11;14;14;1
21807;131;337;11;14;14;1
21809;144;337;11;14;14;1
21822;157;337;11;14;14;1
21827;170;337;11;14;14;1
21828;183;337;11;14;14;1
21830;196;337;11;14;14;1
21834;209;337;11;14;14;1
21845;222;337;11;14;14;1
21852;235;337;11;14;14;1
21857;248;337;11;14;14;1
21861;261;337;11;14;14;1
21862;274;337;11;14;14;1
21863;287;337;11;14;14;1
21866;300;337;11;14;14;1
21872;313;337;11;14;14;1
21877;326;337;11;14;14;1
21879;338;241;11;14;14;1
21880;338;161;11;14;14;1
21884;345;129;11;14;14;1
21886;338;273;11;14;14;1
21890;348;225;11;14;14;1
21891;350;1;11;14;14;1
21892;350;145;11;14;14;1
21895;348;257;11;14;14;1
21897;350;177;11;14;14;1
21898;350;17;11;14;14;1
21899;350;193;11;14;14;1
21903;350;33;11;14;14;1
21908;350;209;11;14;14;1
21912;350;49;11;14;14;1
21913;350;65;11;14;14;1
21916;350;81;11;14;14;1
21917;350;97;11;14;14;1
21927;350;113;11;14;14;1
21939;339;289;11;14;14;1
21941;339;305;11;14;14;1
21943;339;321;11;14;14;1
21947;339;337;11;14;14;1
21949;1;358;11;14;14;1
21957;14;357;11;14;14;1
21968;27;357;11;14;14;1
21970;40;357;11;14;14;1
21971;53;355;11;14;14;1
21974;66;353;11;14;14;1
21980;79;353;11;14;14;1
21981;92;353;11;14;14;1
21985;105;353;11;14;14;1
21990;118;353;11;14;14;1
21992;131;353;11;14;14;1
21996;144;353;11;14;14;1
21999;157;353;11;14;14;1
22007;170;353;11;14;14;1
22013;183;353;11;14;14;1
22016;196;353;11;14;14;1
22017;209;353;11;14;14;1
22024;222;353;11;14;14;1
22025;235;353;11;14;14;1
22030;248;353;11;14;14;1
22040;261;353;11;14;14;1
22043;274;353;11;14;14;1
22046;287;353;11;14;14;1
22047;300;353;11;14;14;1
22051;313;353;11;14;14;1
22065;326;353;11;14;14;1
22066;339;353;11;14;14;1
22068;351;241;11;14;14;1
22070;351;161;11;14;14;1
22075;358;129;11;14;14;1
22079;351;273;11;14;14;1
22094;361;225;11;14;14;1
22103;363;1;11;14;14;1
22108;363;145;11;14;14;1
22114;361;257;11;14;14;1
22120;363;177;11;14;14;1
22121;363;17;11;14;14;1
22122;363;193;11;14;14;1
22123;363;33;11;14;14;1
22124;363;209;11;14;14;1
22134;363;49;11;14;14;1
22139;363;65;11;14;14;1
22140;363;81;11;14;14;1
22158;363;97;11;14;14;1
22159;363;113;11;14;14;1
22163;352;289;11;14;14;1
22179;352;305;11;14;14;1
22191;352;321;11;14;14;1
22199;352;337;11;14;14;1
22204;352;353;11;14;14;1
22218;1;374;11;14;14;1
22228;14;373;11;14;14;1
22234;364;241;10;14;14;2
22235;364;161;10;14;14;2
22238;364;273;10;14;14;2
22240;27;373;11;14;14;1
22242;40;373;11;14;14;1
22244;53;371;10;14;14;2
22253;65;371;10;14;14;2
22256;77;369;11;14;14;1
22260;90;369;11;14;14;1
22266;103;369;11;14;14;1
22269;116;369;11;14;14;1
22270;129;369;11;14;14;1
22275;142;369;11;14;14;1
22278;155;369;11;14;14;1
22280;168;369;11;14;14;1
22303;181;369;11;14;14;1
22307;194;369;11;14;14;1
22312;207;369;11;14;14;1
22320;220;369;11;14;14;1
22330;233;369;11;14;14;1
22334;246;369;11;14;14;1
22343;259;369;11;14;14;1
22346;272;369;11;14;14;1
22350;285;369;11;14;14;1
22351;298;369;11;14;14;1
22352;311;369;11;14;14;1
22353;324;369;11;14;14;1
22359;337;369;11;14;14;1
22362;350;369;11;14;14;1
22363;363;369;11;14;14;1
22367;371;129;11;14;14;1
22368;374;225;11;14;14;1
22369;374;257;11;14;14;1
22374;376;1;11;14;14;1
22376;376;145;11;14;14;1
22402;376;241;11;14;14;1
22403;376;273;11;14;14;1
22411;376;17;11;14;14;1
22418;376;161;11;14;14;1
22434;376;289;11;14;14;1
22443;376;33;11;14;14;1
22446;376;177;11;14;14;1
22467;376;305;11;14;14;1
22475;376;49;11;14;14;1
22478;376;193;11;14;14;1
22495;376;321;11;14;14;1
22521;376;65;11;14;14;1
22522;376;209;11;14;14;1
22530;376;337;11;14;14;1
22534;376;81;11;14;14;1
22549;365;353;11;14;14;1
22561;376;97;11;14;14;1
22570;376;369;11;14;14;1
22580;376;113;11;14;14;1
22581;387;257;11;14;14;1
22604;387;225;11;14;14;1
22609;378;353;11;14;14;1
22612;384;129;11;14;14;1
22616;389;241;11;14;14;1
22622;389;273;11;14;14;1
22635;389;369;11;14;14;1
22659;389;1;11;14;14;1
22661;389;145;11;14;14;1
22675;389;289;11;14;14;1
22681;389;17;11;14;14;1
22686;389;161;11;14;14;1
22696;389;305;11;14;14;1
22721;389;33;11;14;14;1
22741;389;177;11;14;14;1
22756;389;321;11;14;14;1
22763;389;49;11;14;14;1
22764;389;193;11;14;14;1
22766;389;337;11;14;14;1
22768;389;65;11;14;14;1
22771;389;209;11;14;14;1
22774;389;81;11;14;14;1
22788;389;97;11;14;14;1
22791;389;113;11;14;14;1
22793;1;390;11;14;14;1
22797;14;389;11;14;14;1
22799;27;389;11;14;14;1
22805;40;389;11;14;14;1
22806;53;387;11;14;14;1
22810;66;387;11;14;14;1
22812;79;385;11;14;14;1
22815;92;385;11;14;14;1
22823;105;385;11;14;14;1
22825;118;385;11;14;14;1
22826;131;385;11;14;14;1
22827;144;385;11;14;14;1
22830;157;385;11;14;14;1
22833;170;385;11;14;14;1
22836;183;385;11;14;14;1
22840;196;385;11;14;14;1
22841;209;385;11;14;14;1
22842;222;385;11;14;14;1
22855;235;385;11;14;14;1
22856;248;385;11;14;14;1
22857;261;385;11;14;14;1
22859;274;385;11;14;14;1
22863;287;385;11;14;14;1
22868;300;385;11;14;14;1
22870;313;385;11;14;14;1
22871;326;385;11;14;14;1
22882;339;385;11;14;14;1
22885;352;385;11;14;14;1
22899;365;385;11;14;14;1
22900;378;385;11;14;14;1
22902;400;257;11;14;14;1
22904;391;353;11;14;14;1
22905;400;225;11;14;14;1
22909;397;129;11;14;14;1
22914;402;273;11;14;14;1
22916;402;369;11;14;14;1
22918;402;241;11;14;14;1
22919;402;1;11;14;14;1
22920;402;145;11;14;14;1
22925;402;289;11;14;14;1
22930;402;17;11;14;14;1
22934;402;161;11;14;14;1
22937;402;305;11;14;14;1
22942;402;33;11;14;14;1
22948;402;177;11;14;14;1
22949;402;321;11;14;14;1
22952;402;49;11;14;14;1
22969;402;193;11;14;14;1
22982;402;337;11;14;14;1
22987;402;65;11;14;14;1
22992;402;209;11;14;14;1
22993;402;81;11;14;14;1
22995;402;97;11;14;14;1
22996;402;113;11;14;14;1
23004;391;385;11;14;14;1
23016;1;406;11;14;14;1
23020;14;405;11;14;14;1
23036;27;405;11;14;14;1
23039;40;405;11;14;14;1
23041;53;403;11;14;14;1
23043;66;403;11;14;14;1
23047;79;401;11;14;14;1
23064;92;401;11;14;14;1
23068;105;401;11;14;14;1
23089;118;401;11;14;14;1
23110;131;401;11;14;14;1
23130;144;401;11;14;14;1
23146;157;401;11;14;14;1
23156;170;401;11;14;14;1
23194;183;401;11;14;14;1
23218;196;401;11;14;14;1
23234;209;401;11;14;14;1
23241;222;401;11;14;14;1
23244;235;401;11;14;14;1
23265;248;401;11;14;14;1
23273;261;401;11;14;14;1
23305;274;401;11;14;14;1
23330;287;401;11;14;14;1
23376;300;401;11;14;14;1
23380;313;401;11;14;14;1
23381;326;401;11;14;14;1
23383;339;401;11;14;14;1
23384;352;401;11;14;14;1
23385;365;401;11;14;14;1
23389;378;401;11;14;14;1
23394;391;401;11;14;14;1
23395;413;257;11;14;14;1
23396;404;353;11;14;14;1
23398;413;225;11;14;14;1
23401;410;129;11;14;14;1
23404;415;273;11;14;14;1
23408;415;369;11;14;14;1
23413;415;241;11;14;14;1
23421;415;1;11;14;14;1
23425;415;145;11;14;14;1
23427;415;289;11;14;14;1
23429;415;17;11;14;14;1
23431;415;161;11;14;14;1
23432;415;305;11;14;14;1
23433;415;33;11;14;14;1
23436;415;177;11;14;14;1
23439;415;321;11;14;14;1
23445;415;49;11;14;14;1
23447;415;193;11;14;14;1
23448;415;337;11;14;14;1
23449;415;65;11;14;14;1
23450;415;209;11;14;14;1
23451;415;81;11;14;14;1
23452;415;97;11;14;14;1
23453;415;113;11;14;14;1
23454;404;385;11;14;14;1
23456;404;401;11;14;14;1
23457;1;422;11;14;14;1
23458;14;421;11;14;14;1
23459;27;421;11;14;14;1
23460;40;421;11;14;14;1
23467;53;419;11;14;14;1
23472;66;419;11;14;14;1
23475;79;417;11;14;14;1
23476;92;417;11;14;14;1
23478;105;417;11;14;14;1
23481;118;417;11;14;14;1
23485;131;417;11;14;14;1
23486;144;417;11;14;14;1
23487;157;417;11;14;14;1
23490;170;417;11;14;14;1
23492;183;417;11;14;14;1
23494;196;417;11;14;14;1
23500;209;417;11;14;14;1
23504;222;417;11;14;14;1
23506;235;417;11;14;14;1
23507;248;417;11;14;14;1
23517;261;417;11;14;14;1
23518;274;417;11;14;14;1
23519;287;417;11;14;14;1
23521;300;417;11;14;14;1
23528;313;417;11;14;14;1
23536;326;417;11;14;14;1
23544;339;417;11;14;14;1
23545;352;417;11;14;14;1
23547;365;417;11;14;14;1
23548;378;417;11;14;14;1
23551;391;417;11;14;14;1
23553;404;417;11;14;14;1
23556;426;257;11;14;14;1
23558;417;353;11;14;14;1
23562;426;225;11;14;14;1
23567;423;129;11;14;14;1
23569;428;273;11;14;14;1
23572;428;369;11;14;14;1
23574;428;241;11;14;14;1
23576;428;1;11;14;14;1
23578;365;289;9;14;14;2
23581;428;145;11;14;14;1
23588;428;289;11;14;14;1
23596;428;17;11;14;14;1
23601;428;161;11;14;14;1
23604;428;305;11;14;14;1
23608;428;33;11;14;14;1
23610;428;177;11;14;14;1
23612;428;321;11;14;14;1
23613;428;49;11;14;14;1
23614;428;193;11;14;14;1
23615;428;337;11;14;14;1
23616;428;65;11;14;14;1
23617;428;209;11;14;14;1
23618;428;81;11;14;14;1
23621;428;97;11;14;14;1
23624;428;113;11;14;14;1
23625;417;385;11;14;14;1
23626;417;401;11;14;14;1
23627;417;417;11;14;14;1
23630;1;438;11;14;14;1
23631;14;437;11;14;14;1
23633;27;437;11;14;14;1
23637;40;437;11;14;14;1
23646;53;435;11;14;14;1
23649;66;435;11;14;14;1
23653;79;433;11;14;14;1
23665;365;305;9;14;14;2
23679;92;433;11;14;14;1
23681;105;433;10;14;14;1
23682;117;433;10;14;14;2
23700;129;433;11;14;14;1
23703;430;353;9;14;14;2
23707;142;433;11;14;14;1
23721;155;433;11;14;14;1
23725;168;433;11;14;14;1
23736;181;433;11;14;14;1
23789;194;433;11;14;14;1
23792;207;433;11;14;14;1
23803;220;433;11;14;14;1
23815;233;433;11;14;14;1
23830;246;433;11;14;14;1
23849;259;433;10;14;14;1
23853;271;433;11;14;14;1
23869;284;433;11;14;14;1
23884;297;433;11;14;14;1
24005;310;433;11;14;14;1
24033;323;433;11;14;14;1
24034;336;433;11;14;14;1
24037;349;433;11;14;14;1
24038;362;433;11;14;14;1
24039;375;433;11;14;14;1
24040;388;433;10;14;14;2
24043;400;433;11;14;14;1
24046;413;433;11;14;14;1
24049;426;433;10;14;14;2
24050;439;257;10;14;14;2
24052;439;225;10;14;14;2
24055;436;129;11;14;14;1
24062;365;321;9;14;14;2
24065;438;385;11;14;14;1
24066;438;401;11;14;14;1
24067;430;417;11;14;14;1
24069;438;433;11;14;14;1
24070;441;241;11;14;14;1
24072;443;417;11;14;14;1
24076;451;1;11;14;14;1
24085;451;257;11;14;14;1
24088;451;433;11;14;14;1
24090;451;17;11;14;14;1
24093;451;273;11;14;14;1
24102;451;33;11;14;14;1
24103;451;289;11;14;14;1
24109;451;49;11;14;14;1
24110;451;305;11;14;14;1
24119;451;65;11;14;14;1
24120;451;321;11;14;14;1
24125;451;81;11;14;14;1
24133;451;337;11;14;14;1
24149;451;97;11;14;14;1
24178;441;113;11;14;14;1
24179;451;353;11;14;14;1
24180;441;369;11;14;14;1
24182;451;129;11;14;14;1
24184;451;385;11;14;14;1
24186;454;113;10;14;14;2
24187;451;401;11;14;14;1
24188;451;145;11;14;14;1
24189;451;161;11;14;14;1
24191;451;177;11;14;14;1
24196;451;193;11;14;14;1
24198;441;209;11;14;14;1
24199;451;225;11;14;14;1
24202;1;454;11;14;14;1
24207;14;453;11;14;14;1
24211;27;453;11;14;14;1
24212;40;453;11;14;14;1
24213;53;451;11;14;14;1
24215;66;451;11;14;14;1
24217;79;449;11;14;14;1
24220;92;449;11;14;14;1
24222;105;449;11;14;14;1
24223;118;449;11;14;14;1
24230;131;449;11;14;14;1
24231;144;449;11;14;14;1
24237;157;449;11;14;14;1
24247;170;449;11;14;14;1
24248;183;449;11;14;14;1
24265;196;449;11;14;14;1
24266;209;449;11;14;14;1
24275;222;449;11;14;14;1
24310;235;449;11;14;14;1
24311;248;449;11;14;14;1
24314;261;449;11;14;14;1
24320;274;449;11;14;14;1
24322;287;449;11;14;14;1
24323;300;449;11;14;14;1
24324;313;449;11;14;14;1
24330;326;449;11;14;14;1
24331;339;449;11;14;14;1
24335;352;449;11;14;14;1
24341;365;337;9;14;14;2
24343;365;449;11;14;14;1
24351;378;449;11;14;14;1
24352;391;449;11;14;14;1
24357;404;449;11;14;14;1
24358;417;449;11;14;14;1
24367;430;449;11;14;14;1
24369;443;449;11;14;14;1
24377;454;369;11;14;14;1
24378;456;417;11;14;14;1
24402;454;209;11;14;14;1
24403;454;241;9;14;14;2
24405;466;1;11;14;14;1
24407;464;225;11;14;14;1
24418;466;17;11;14;14;1
24425;466;33;11;14;14;1
24432;466;49;11;14;14;1
24433;466;65;11;14;14;1
24441;466;81;11;14;14;1
24443;464;97;11;14;14;1
24444;466;113;11;14;14;1
24448;465;241;11;14;14;1
24449;464;385;11;14;14;1
24452;464;401;11;14;14;1
24453;464;433;11;14;14;1
24456;464;129;11;14;14;1
24458;464;257;11;14;14;1
24459;464;145;11;14;14;1
24466;464;273;11;14;14;1
24471;464;161;11;14;14;1
24472;464;289;11;14;14;1
24473;464;177;11;14;14;1
24481;464;193;11;14;14;1
24490;464;305;11;14;14;1
24494;464;321;11;14;14;1
24503;464;337;11;14;14;1
24509;464;353;11;14;14;1
24515;456;449;11;14;14;1
24517;1;470;11;14;14;1
24518;14;469;11;14;14;1
24524;27;469;11;14;14;1
24525;40;469;11;14;14;1
24527;53;467;11;14;14;1
24534;66;467;11;14;14;1
24535;79;465;11;14;14;1
24536;92;465;11;14;14;1
24537;105;465;11;14;14;1
24544;118;465;11;14;14;1
24551;131;465;11;14;14;1
24554;144;465;11;14;14;1
24555;157;465;11;14;14;1
24561;170;465;11;14;14;1
24565;183;465;11;14;14;1
24573;196;465;11;14;14;1
24576;209;465;11;14;14;1
24577;222;465;11;14;14;1
24578;235;465;11;14;14;1
24590;248;465;11;14;14;1
24594;261;465;11;14;14;1
24597;274;465;11;14;14;1
24598;287;465;11;14;14;1
24604;300;465;11;14;14;1
24605;313;465;11;14;14;1
24608;326;465;11;14;14;1
24609;339;465;11;14;14;1
24613;352;465;11;14;14;1
24614;365;465;11;14;14;1
24615;378;465;11;14;14;1
24616;391;465;11;14;14;1
24618;404;465;11;14;14;1
24623;417;465;11;14;14;1
24635;430;465;11;14;14;1
24651;443;465;11;14;14;1
24653;456;465;11;14;14;1
24656;477;97;11;14;14;1
24658;469;417;11;14;14;1
24661;467;209;11;14;14;1
24665;467;369;11;14;14;1
24674;479;1;11;14;14;1
24680;477;225;11;14;14;1
24681;479;113;11;14;14;1
24685;479;17;11;14;14;1
24687;479;33;11;14;14;1
24688;479;49;11;14;14;1
24691;479;65;11;14;14;1
24694;479;81;11;14;14;1
24700;478;241;11;14;14;1
24703;477;433;11;14;14;1
24708;477;129;11;14;14;1
24713;477;257;11;14;14;1
24724;477;385;11;14;14;1
24730;477;401;11;14;14;1
24735;477;145;11;14;14;1
24736;477;273;11;14;14;1
24739;477;161;11;14;14;1
24742;477;289;11;14;14;1
24744;477;177;11;14;14;1
24748;477;193;11;14;14;1
24751;477;305;11;14;14;1
24754;477;321;11;14;14;1
24764;477;337;11;14;14;1
24773;477;353;11;14;14;1
24778;469;449;11;14;14;1
24785;469;465;11;14;14;1
24789;1;486;11;14;14;1
24794;14;485;11;14;14;1
24796;27;485;11;14;14;1
24800;40;485;11;14;14;1
24806;53;483;11;14;14;1
24807;66;483;11;14;14;1
24808;79;481;11;14;14;1
24809;92;481;11;14;14;1
24811;105;481;11;14;14;1
24812;118;481;11;14;14;1
24815;131;481;11;14;14;1
24816;144;481;11;14;14;1
24819;157;481;11;14;14;1
24825;170;481;11;14;14;1
24826;183;481;11;14;14;1
24833;196;481;11;14;14;1
24840;209;481;11;14;14;1
24841;222;481;11;14;14;1
24847;235;481;11;14;14;1
24858;248;481;11;14;14;1
24863;261;481;11;14;14;1
24867;274;481;11;14;14;1
24868;287;481;11;14;14;1
24871;300;481;11;14;14;1
24895;313;481;11;14;14;1
24904;326;481;11;14;14;1
24908;339;481;11;14;14;1
24910;352;481;11;14;14;1
24917;365;481;11;14;14;1
24930;378;481;11;14;14;1
24935;391;481;11;14;14;1
24936;404;481;11;14;14;1
24944;417;481;11;14;14;1
24951;430;481;11;14;14;1
24971;443;481;11;14;14;1
24974;456;481;11;14;14;1
25000;469;481;11;14;14;1
25001;490;97;11;14;14;1
25022;482;417;11;14;14;1
25026;480;209;11;14;14;1
25032;480;369;11;14;14;1
25033;492;1;11;14;14;1
25042;490;225;11;14;14;1
25062;492;113;11;14;14;1
25096;492;17;11;14;14;1
25097;493;241;10;14;14;2
25100;492;33;11;14;14;1
25103;492;49;11;14;14;1
25104;492;65;11;14;14;1
25105;492;81;11;14;14;1
25106;490;433;11;14;14;1
25110;490;129;11;14;14;1
25112;490;257;11;14;14;1
25115;490;385;11;14;14;1
25130;490;401;11;14;14;1
25139;490;145;11;14;14;1
25140;490;273;11;14;14;1
25143;490;161;11;14;14;1
25151;490;289;11;14;14;1
25152;490;177;11;14;14;1
25153;490;193;11;14;14;1
25159;490;305;11;14;14;1
25161;490;321;11;14;14;1
25163;490;337;11;14;14;1
25164;286;225;4;14;14;1
25165;490;353;11;14;14;1
25166;482;449;11;14;14;1
25169;482;465;11;14;14;1
25170;482;481;11;14;14;1
25171;1;502;11;14;14;1
25172;14;501;11;14;14;1
25176;27;501;11;14;14;1
25179;40;501;11;14;14;1
25187;53;499;11;14;14;1
25191;66;499;11;14;14;1
25193;79;497;11;14;14;1
25195;92;497;11;14;14;1
25196;105;497;11;14;14;1
25197;118;497;11;14;14;1
25198;131;497;11;14;14;1
25199;144;497;11;14;14;1
25200;157;497;11;14;14;1
25203;170;497;11;14;14;1
25206;183;497;11;14;14;1
25209;196;497;11;14;14;1
25212;209;497;11;14;14;1
25214;222;497;11;14;14;1
25215;235;497;11;14;14;1
25216;248;497;11;14;14;1
25220;261;497;11;14;14;1
25225;274;497;11;14;14;1
25226;287;497;11;14;14;1
25233;300;497;11;14;14;1
25235;313;497;11;14;14;1
25237;326;497;11;14;14;1
25238;339;497;11;14;14;1
25239;352;497;11;14;14;1
25240;365;497;11;14;14;1
25242;378;497;11;14;14;1
25243;391;497;11;14;14;1
25246;404;497;11;14;14;1
25248;417;497;11;14;14;1
25250;430;497;11;14;14;1
25252;443;497;11;14;14;1
25253;456;497;11;14;14;1
25259;469;497;11;14;14;1
25260;482;497;11;14;14;1
25265;503;97;11;14;14;1
25269;495;417;11;14;14;1
25273;493;209;11;14;14;1
25276;493;369;11;14;14;1
25277;505;1;11;14;14;1
25279;503;225;11;14;14;1
25282;505;113;11;14;14;1
25285;505;17;11;14;14;1
25286;505;241;11;14;14;1
25287;505;33;11;14;14;1
25289;505;49;11;14;14;1
25292;505;65;11;14;14;1
25293;505;81;11;14;14;1
25294;503;433;11;14;14;1
25296;503;129;11;14;14;1
25298;503;257;11;14;14;1
25299;503;385;11;14;14;1
25300;503;401;11;14;14;1
25302;503;145;11;14;14;1
25303;503;273;11;14;14;1
25304;503;161;11;14;14;1
25305;503;289;11;14;14;1
25307;503;177;11;14;14;1
25308;503;193;11;14;14;1
25311;503;305;11;14;14;1
25314;503;321;11;14;14;1
25317;503;337;11;14;14;1
25318;503;353;11;14;14;1
25319;495;449;11;14;14;1
25320;495;465;11;14;14;1
25321;495;481;11;14;14;1
25324;495;497;11;14;14;1
25325;516;97;11;14;14;1
25327;508;417;11;14;14;1
25329;506;209;11;14;14;1
25331;506;369;11;14;14;1
25335;518;1;11;14;14;1
25340;516;225;11;14;14;1
25341;518;113;11;14;14;1
25342;518;17;11;14;14;1
25343;518;241;11;14;14;1
25345;518;33;11;14;14;1
25346;518;49;11;14;14;1
25351;518;65;11;14;14;1
25353;518;81;11;14;14;1
25361;516;433;11;14;14;1
25366;516;129;11;14;14;1
25370;516;257;11;14;14;1
25375;516;385;11;14;14;1
25376;516;401;11;14;14;1
25377;516;145;11;14;14;1
25379;516;273;11;14;14;1
25380;516;161;11;14;14;1
25381;516;289;11;14;14;1
25384;516;177;11;14;14;1
25386;516;193;11;14;14;1
25391;516;305;11;14;14;1
25402;516;321;11;14;14;1
25405;516;337;11;14;14;1
25410;516;353;11;14;14;1
25413;508;449;11;14;14;1
25414;508;465;11;14;14;1
25417;508;481;11;14;14;1
25421;508;497;11;14;14;1
25422;1;518;11;14;14;1
25423;14;517;11;14;14;1
25424;27;517;11;14;14;1
25429;40;517;11;14;14;1
25438;53;515;11;14;14;1
25439;66;515;11;14;14;1
25441;79;513;11;14;14;1
25442;92;513;11;14;14;1
25443;105;513;11;14;14;1
25447;118;513;11;14;14;1
25454;131;513;11;14;14;1
25462;144;513;11;14;14;1
25463;157;513;11;14;14;1
25466;170;513;11;14;14;1
25472;183;513;11;14;14;1
25480;196;513;11;14;14;1
25481;209;513;11;14;14;1
25484;222;513;11;14;14;1
25487;235;513;11;14;14;1
25488;248;513;11;14;14;1
25490;261;513;11;14;14;1
25494;274;513;11;14;14;1
25496;287;513;11;14;14;1
25504;300;513;11;14;14;1
25506;313;513;11;14;14;1
25507;326;513;11;14;14;1
25509;339;513;11;14;14;1
25511;352;513;11;14;14;1
25512;365;513;11;14;14;1
25513;378;513;11;14;14;1
25514;391;513;11;14;14;1
25520;404;513;11;14;14;1
25527;417;513;11;14;14;1
25528;430;513;11;14;14;1
25530;443;513;11;14;14;1
25545;456;513;11;14;14;1
25549;469;513;11;14;14;1
25551;482;513;11;14;14;1
25552;495;513;11;14;14;1
25554;508;513;11;14;14;1
25569;529;97;11;14;14;1
25578;521;417;11;14;14;1
25581;519;209;11;14;14;1
25588;519;369;11;14;14;1
25597;531;1;11;14;14;1
25600;529;225;11;14;14;1
25601;531;113;11;14;14;1
25605;531;17;11;14;14;1
25613;531;241;11;14;14;1
25615;531;33;11;14;14;1
25619;531;49;11;14;14;1
25628;531;65;11;14;14;1
25630;531;81;11;14;14;1
25644;529;433;11;14;14;1
25645;529;129;11;14;14;1
25658;529;257;11;14;14;1
25668;529;385;11;14;14;1
25670;529;401;11;14;14;1
25671;529;145;11;14;14;1
25674;529;273;11;14;14;1
25684;529;161;11;14;14;1
25688;529;289;11;14;14;1
25694;529;177;11;14;14;1
25703;529;193;11;14;14;1
25705;529;305;11;14;14;1
25720;529;321;11;14;14;1
25721;529;337;11;14;14;1
25730;529;353;11;14;14;1
25735;521;449;11;14;14;1
25745;521;465;11;14;14;1
25746;521;481;11;14;14;1
25749;521;497;11;14;14;1
25758;521;513;11;14;14;1
25764;1;534;11;14;14;1
25769;14;533;11;14;14;1
25772;27;533;11;14;14;1
25773;40;533;11;14;14;1
25774;53;531;11;14;14;1
25776;66;531;11;14;14;1
25788;79;529;11;14;14;1
25794;92;529;11;14;14;1
25797;105;529;11;14;14;1
25802;118;529;11;14;14;1
25805;131;529;11;14;14;1
25806;144;529;11;14;14;1
25810;157;529;11;14;14;1
25830;170;529;11;14;14;1
25856;183;529;11;14;14;1
25874;196;529;11;14;14;1
25893;209;529;11;14;14;1
25903;222;529;11;14;14;1
25910;235;529;11;14;14;1
25913;248;529;11;14;14;1
25915;261;529;11;14;14;1
25918;274;529;11;14;14;1
25919;287;529;11;14;14;1
25925;300;529;11;14;14;1
25928;313;529;11;14;14;1
25932;326;529;11;14;14;1
25935;339;529;11;14;14;1
25937;352;529;11;14;14;1
25945;365;529;11;14;14;1
25950;378;529;11;14;14;1
25954;391;529;11;14;14;1
25955;404;529;11;14;14;1
25964;417;529;11;14;14;1
25968;430;529;11;14;14;1
25970;443;529;11;14;14;1
25972;456;529;11;14;14;1
25975;469;529;11;14;14;1
25991;482;529;11;14;14;1
26000;495;529;11;14;14;1
26001;508;529;11;14;14;1
26003;521;529;11;14;14;1
26007;542;97;11;14;14;1
26009;534;417;11;14;14;1
26012;532;209;11;14;14;1
26020;532;369;11;14;14;1
26021;544;1;11;14;14;1
26023;542;225;11;14;14;1
26025;544;113;11;14;14;1
26029;544;17;11;14;14;1
26031;544;241;11;14;14;1
26032;544;33;11;14;14;1
26041;544;49;11;14;14;1
26045;544;65;11;14;14;1
26049;544;81;11;14;14;1
26053;542;433;11;14;14;1
26059;542;129;11;14;14;1
26063;542;257;11;14;14;1
26071;542;385;11;14;14;1
26080;542;401;11;14;14;1
26082;542;145;11;14;14;1
26085;545;273;9;14;14;2
26086;545;161;10;14;14;2
26087;545;289;10;14;14;2
26089;542;177;11;14;14;1
26097;542;193;11;14;14;1
26102;542;305;11;14;14;1
26103;542;321;11;14;14;1
26106;542;337;11;14;14;1
26114;542;353;11;14;14;1
26126;534;449;11;14;14;1
26127;545;209;10;14;14;2
26131;534;465;11;14;14;1
26132;534;481;11;14;14;1
26143;534;497;11;14;14;1
26144;534;513;11;14;14;1
26149;534;529;11;14;14;1
26151;1;550;11;14;14;1
26152;14;549;11;14;14;1
26157;27;549;11;14;14;1
26159;40;549;11;14;14;1
26172;53;547;11;14;14;1
26174;66;547;11;14;14;1
26178;79;545;11;14;14;1
26179;92;545;11;14;14;1
26194;105;545;11;14;14;1
26195;118;545;11;14;14;1
26197;131;545;11;14;14;1
26198;144;545;11;14;14;1
26202;157;545;11;14;14;1
26212;170;545;11;14;14;1
26216;183;545;11;14;14;1
26222;196;545;11;14;14;1
26223;209;545;11;14;14;1
26224;222;545;11;14;14;1
26228;235;545;11;14;14;1
26230;248;545;11;14;14;1
26234;261;545;11;14;14;1
26238;274;545;11;14;14;1
26242;287;545;11;14;14;1
26247;300;545;11;14;14;1
26257;313;545;11;14;14;1
26262;326;545;11;14;14;1
26263;339;545;11;14;14;1
26292;352;545;11;14;14;1
26332;365;545;11;14;14;1
26333;378;545;11;14;14;1
26354;545;369;10;14;14;2
26355;391;545;11;14;14;1
26356;404;545;11;14;14;1
26360;417;545;11;14;14;1
26361;430;545;11;14;14;1
26366;443;545;11;14;14;1
26367;456;545;11;14;14;1
26368;469;545;11;14;14;1
26376;482;545;10;14;14;1
26377;494;545;11;14;14;1
26379;507;545;11;14;14;1
26381;520;545;11;14;14;1
26388;533;545;11;14;14;1
26391;555;97;10;14;14;2
26395;547;417;11;14;14;1
26397;555;257;11;14;14;1
26399;555;225;11;14;14;1
26406;556;273;11;14;14;1
26408;555;129;11;14;14;1
26410;555;145;11;14;14;1
26411;555;177;11;14;14;1
26412;555;193;11;14;14;1
26415;555;305;11;14;14;1
26417;555;385;11;14;14;1
26420;555;401;11;14;14;1
26421;555;433;11;14;14;1
26426;555;321;11;14;14;1
26432;555;337;11;14;14;1
26434;555;353;11;14;14;1
26435;546;545;11;14;14;1
26438;547;449;11;14;14;1
26441;547;465;11;14;14;1
26446;547;481;11;14;14;1
26448;547;497;11;14;14;1
26449;547;513;11;14;14;1
26454;547;529;11;14;14;1
26460;1;566;11;14;14;1
26463;14;565;11;14;14;1
26465;27;565;11;14;14;1
26469;40;565;11;14;14;1
26479;53;563;11;14;14;1
26480;66;563;11;14;14;1
26485;79;561;11;14;14;1
26494;92;561;11;14;14;1
26495;105;561;11;14;14;1
26497;118;561;11;14;14;1
26500;131;561;11;14;14;1
26505;144;561;11;14;14;1
26512;157;561;11;14;14;1
26517;170;561;11;14;14;1
26519;183;561;11;14;14;1
26522;196;561;11;14;14;1
26524;209;561;11;14;14;1
26525;222;561;11;14;14;1
26538;235;561;11;14;14;1
26543;248;561;11;14;14;1
26550;261;561;11;14;14;1
26564;274;561;11;14;14;1
26575;287;561;11;14;14;1
26576;300;561;11;14;14;1
26577;313;561;11;14;14;1
26579;326;561;11;14;14;1
26580;339;561;11;14;14;1
26588;352;561;11;14;14;1
26592;365;561;11;14;14;1
26597;378;561;11;14;14;1
26607;391;561;11;14;14;1
26609;404;561;11;14;14;1
26612;417;561;11;14;14;1
26629;430;561;11;14;14;1
26631;443;561;11;14;14;1
26635;456;561;11;14;14;1
26639;469;561;11;14;14;1
26641;482;561;11;14;14;1
26646;495;561;11;14;14;1
26647;508;561;11;14;14;1
26657;521;561;11;14;14;1
26666;534;561;11;14;14;1
26679;547;561;11;14;14;1
26680;557;241;11;14;14;1
26681;557;113;11;14;14;1
26684;557;161;11;14;14;1
26688;557;209;11;14;14;1
26690;557;289;11;14;14;1
26691;560;417;11;14;14;1
26694;557;369;11;14;14;1
26696;559;545;11;14;14;1
26700;568;257;11;14;14;1
26705;568;225;11;14;14;1
26723;569;273;11;14;14;1
26725;568;129;11;14;14;1
26728;568;145;11;14;14;1
26729;568;177;11;14;14;1
26742;568;193;11;14;14;1
26757;568;305;11;14;14;1
26775;568;385;11;14;14;1
26786;568;401;11;14;14;1
26790;568;433;11;14;14;1
26792;568;321;11;14;14;1
26797;568;337;11;14;14;1
26799;568;353;11;14;14;1
26800;567;1;11;14;14;1
26803;567;17;11;14;14;1
26816;567;33;11;14;14;1
26825;567;49;11;14;14;1
26827;567;65;11;14;14;1
26829;557;81;11;14;14;1
26834;567;97;11;14;14;1
26837;560;561;11;14;14;1
26840;560;449;11;14;14;1
26842;560;465;11;14;14;1
26857;560;481;11;14;14;1
26862;560;497;11;14;14;1
26865;560;513;11;14;14;1
26869;560;529;11;14;14;1
26885;570;241;11;14;14;1
26893;570;161;11;14;14;1
26898;570;209;11;14;14;1
26908;570;289;11;14;14;1
26925;573;417;11;14;14;1
26928;570;369;11;14;14;1
26970;570;81;11;14;14;1
26974;570;113;11;14;14;1
26989;572;545;11;14;14;1
27004;581;257;11;14;14;1
27005;581;225;11;14;14;1
27010;580;97;11;14;14;1
27028;582;273;11;14;14;1
27036;581;177;11;14;14;1
27048;581;193;11;14;14;1
27084;581;305;11;14;14;1
27096;581;385;11;14;14;1
27122;581;401;11;14;14;1
27133;581;129;11;14;14;1
27169;581;145;11;14;14;1
27178;581;433;11;14;14;1
27185;581;321;11;14;14;1
27207;581;337;11;14;14;1
27224;581;353;11;14;14;1
27225;580;1;11;14;14;1
27233;580;17;11;14;14;1
27249;580;33;11;14;14;1
27280;580;49;11;14;14;1
27308;580;65;11;14;14;1
27424;573;561;11;14;14;1
27425;573;449;11;14;14;1
27426;573;465;11;14;14;1
27427;573;481;11;14;14;1
27431;573;497;11;14;14;1
27442;573;513;11;14;14;1
27450;573;529;11;14;14;1
27454;1;582;11;14;14;1
27463;14;581;11;14;14;1
27465;27;581;11;14;14;1
27468;40;581;11;14;14;1
27490;53;579;11;14;14;1
27491;66;579;11;14;14;1
27492;79;577;11;14;14;1
27493;92;577;11;14;14;1
27494;105;577;11;14;14;1
27495;118;577;11;14;14;1
27498;131;577;11;14;14;1
27513;144;577;11;14;14;1
27515;157;577;11;14;14;1
27530;170;577;11;14;14;1
27531;183;577;11;14;14;1
27538;196;577;11;14;14;1
27542;209;577;11;14;14;1
27572;222;577;11;14;14;1
27573;235;577;11;14;14;1
27575;248;577;11;14;14;1
27583;261;577;11;14;14;1
27585;274;577;11;14;14;1
27589;287;577;11;14;14;1
27595;300;577;11;14;14;1
27597;313;577;11;14;14;1
27599;326;577;11;14;14;1
27602;339;577;11;14;14;1
27604;583;241;10;14;14;2
27605;352;577;11;14;14;1
27609;365;577;11;14;14;1
27611;378;577;11;14;14;1
27617;391;577;11;14;14;1
27627;404;577;11;14;14;1
27631;417;577;11;14;14;1
27663;583;209;10;14;14;2
27665;583;289;10;14;14;2
27667;430;577;11;14;14;1
27668;443;577;11;14;14;1
27675;456;577;11;14;14;1
27683;469;577;11;14;14;1
27687;482;577;11;14;14;1
27700;495;577;11;14;14;1
27704;508;577;11;14;14;1
27713;521;577;11;14;14;1
27714;534;577;11;14;14;1
27719;547;577;11;14;14;1
27721;560;577;11;14;14;1
27735;573;577;11;14;14;1
27741;583;113;11;14;14;1
27744;583;161;11;14;14;1
27745;586;417;11;14;14;1
27748;583;369;11;14;14;1
27754;583;81;11;14;14;1
27760;585;545;11;14;14;1
27762;594;257;11;14;14;1
27769;594;225;11;14;14;1
27773;593;97;11;14;14;1
27779;595;273;11;14;14;1
27785;595;177;11;14;14;1
27788;595;241;11;14;14;1
27791;595;289;11;14;14;1
27792;594;193;11;14;14;1
27795;595;209;11;14;14;1
27801;594;129;11;14;14;1
27803;594;145;11;14;14;1
27807;594;305;11;14;14;1
27809;594;385;11;14;14;1
27813;594;401;11;14;14;1
27814;594;433;11;14;14;1
27815;594;321;11;14;14;1
27818;594;337;11;14;14;1
27819;594;353;11;14;14;1
27822;593;1;11;14;14;1
27827;593;17;11;14;14;1
27832;593;33;11;14;14;1
27833;593;49;11;14;14;1
27835;593;65;11;14;14;1
27836;586;449;11;14;14;1
27838;586;561;11;14;14;1
27839;586;577;11;14;14;1
27844;586;465;11;14;14;1
27849;586;481;11;14;14;1
27850;586;497;11;14;14;1
27861;586;513;11;14;14;1
27867;586;529;11;14;14;1
27873;1;598;11;14;14;1
27874;14;597;11;14;14;1
27875;27;597;11;14;14;1
27877;40;597;11;14;14;1
27880;53;595;11;14;14;1
27882;66;595;11;14;14;1
27888;79;593;11;14;14;1
27891;92;593;11;14;14;1
27899;105;593;11;14;14;1
27900;118;593;11;14;14;1
27901;131;593;11;14;14;1
27905;144;593;11;14;14;1
27915;157;593;11;14;14;1
27922;170;593;11;14;14;1
27927;183;593;11;14;14;1
27931;196;593;11;14;14;1
27934;209;593;11;14;14;1
27941;222;593;11;14;14;1
27946;235;593;11;14;14;1
27954;248;593;11;14;14;1
27963;261;593;11;14;14;1
27964;274;593;11;14;14;1
27965;287;593;11;14;14;1
27966;300;593;11;14;14;1
27969;313;593;11;14;14;1
27973;326;593;11;14;14;1
27974;339;593;11;14;14;1
27975;352;593;11;14;14;1
27978;365;593;11;14;14;1
27979;378;593;11;14;14;1
27982;391;593;11;14;14;1
27983;404;593;11;14;14;1
27985;417;593;11;14;14;1
27987;430;593;11;14;14;1
28009;443;593;11;14;14;1
28010;456;593;11;14;14;1
28014;469;593;11;14;14;1
28020;482;593;11;14;14;1
28023;495;593;11;14;14;1
28024;508;593;11;14;14;1
28034;521;593;11;14;14;1
28040;534;593;11;14;14;1
28044;547;593;11;14;14;1
28046;560;593;11;14;14;1
28053;573;593;11;14;14;1
28059;586;593;11;14;14;1
28063;607;257;11;14;14;1
28065;607;193;11;14;14;1
28068;607;225;11;14;14;1
28070;596;113;11;14;14;1
28072;596;161;11;14;14;1
28073;599;417;11;14;14;1
28082;596;369;11;14;14;1
28088;596;81;11;14;14;1
28101;598;545;11;14;14;1
28102;608;209;11;14;14;1
28103;608;241;11;14;14;1
28107;608;177;11;14;14;1
28108;608;273;11;14;14;1
28113;606;97;11;14;14;1
28120;608;289;11;14;14;1
28129;607;129;11;14;14;1
28132;607;145;11;14;14;1
28140;607;305;11;14;14;1
28145;607;385;11;14;14;1
28147;607;401;11;14;14;1
28151;607;433;11;14;14;1
28153;607;321;11;14;14;1
28155;607;337;11;14;14;1
28165;607;353;11;14;14;1
28168;606;1;11;14;14;1
28170;606;17;11;14;14;1
28173;606;33;11;14;14;1
28176;606;49;11;14;14;1
28183;606;65;11;14;14;1
28192;599;449;11;14;14;1
28193;599;561;11;14;14;1
28195;599;465;11;14;14;1
28201;599;577;11;14;14;1
28212;599;593;11;14;14;1
28216;599;481;11;14;14;1
28218;599;497;11;14;14;1
28246;599;513;11;14;14;1
28251;599;529;11;14;14;1
28270;1;614;11;14;14;1
28287;14;613;11;14;14;1
28291;27;613;11;14;14;1
28293;40;613;11;14;14;1
28304;53;611;11;14;14;1
28316;66;611;11;14;14;1
28322;79;609;11;14;14;1
28340;92;609;11;14;14;1
28342;105;609;11;14;14;1
28363;118;609;11;14;14;1
28369;131;609;11;14;14;1
28371;144;609;11;14;14;1
28372;157;609;11;14;14;1
28378;170;609;11;14;14;1
28382;183;609;11;14;14;1
28385;196;609;11;14;14;1
28388;209;609;11;14;14;1
28389;222;609;11;14;14;1
28393;235;609;11;14;14;1
28404;248;609;11;14;14;1
28418;261;609;11;14;14;1
28422;274;609;11;14;14;1
28425;287;609;11;14;14;1
28431;300;609;11;14;14;1
28436;313;609;11;14;14;1
28448;326;609;11;14;14;1
28457;339;609;11;14;14;1
28458;352;609;11;14;14;1
28459;365;609;11;14;14;1
28465;378;609;11;14;14;1
28478;391;609;11;14;14;1
28504;404;609;11;14;14;1
28508;417;609;11;14;14;1
28518;430;609;11;14;14;1
28525;443;609;11;14;14;1
28526;456;609;11;14;14;1
28548;469;609;11;14;14;1
28572;482;609;11;14;14;1
28577;495;609;11;14;14;1
28608;508;609;11;14;14;1
28626;521;609;11;14;14;1
28641;534;609;11;14;14;1
28689;547;609;11;14;14;1
28748;560;609;11;14;14;1
28779;573;609;11;14;14;1
28781;586;609;11;14;14;1
28783;599;609;11;14;14;1
28784;620;225;11;14;14;1
28789;620;193;11;14;14;1
28790;620;257;11;14;14;1
28796;609;113;11;14;14;1
28798;609;161;11;14;14;1
28799;612;417;11;14;14;1
28809;609;369;11;14;14;1
28818;609;81;11;14;14;1
28822;611;545;11;14;14;1
28843;621;209;11;14;14;1
28846;621;241;11;14;14;1
28856;621;177;11;14;14;1
28857;621;273;11;14;14;1
28860;619;97;11;14;14;1
28861;621;289;11;14;14;1
28865;620;129;11;14;14;1
28866;620;145;11;14;14;1
28872;620;305;11;14;14;1
28874;620;385;11;14;14;1
28888;620;401;11;14;14;1
28891;620;433;11;14;14;1
28895;620;321;11;14;14;1
28900;620;337;11;14;14;1
28902;620;353;11;14;14;1
28903;619;1;11;14;14;1
28905;619;17;11;14;14;1
28907;619;33;11;14;14;1
28909;619;49;11;14;14;1
28921;619;65;11;14;14;1
28937;612;449;11;14;14;1
28949;612;561;11;14;14;1
28951;612;465;11;14;14;1
28953;612;577;11;14;14;1
28966;612;481;11;14;14;1
28976;612;593;11;14;14;1
28982;612;609;11;14;14;1
29004;612;497;11;14;14;1
29006;612;513;11;14;14;1
29022;612;529;11;14;14;1
29031;1;630;11;14;14;1
29038;14;629;11;14;14;1
29053;27;629;11;14;14;1
29060;40;629;11;14;14;1
29066;53;627;11;14;14;1
29071;66;627;11;14;14;1
29076;79;625;11;14;14;1
29087;92;625;11;14;14;1
29088;105;625;11;14;14;1
29100;118;625;11;14;14;1
29123;131;625;11;14;14;1
29141;144;625;11;14;14;1
29157;157;625;11;14;14;1
29190;170;625;11;14;14;1
29226;183;625;11;14;14;1
29228;196;625;11;14;14;1
29233;209;625;11;14;14;1
29237;222;625;11;14;14;1
29238;235;625;11;14;14;1
29239;248;625;11;14;14;1
29240;261;625;11;14;14;1
29241;274;625;11;14;14;1
29245;287;625;11;14;14;1
29255;300;625;11;14;14;1
29256;313;625;11;14;14;1
29260;326;625;11;14;14;1
29261;339;625;11;14;14;1
29273;352;625;11;14;14;1
29275;365;625;11;14;14;1
29279;378;625;11;14;14;1
29282;391;625;11;14;14;1
29287;404;625;11;14;14;1
29289;417;625;11;14;14;1
29298;430;625;11;14;14;1
29301;443;625;11;14;14;1
29305;456;625;11;14;14;1
29306;469;625;11;14;14;1
29316;482;625;11;14;14;1
29330;495;625;11;14;14;1
29356;508;625;11;14;14;1
29359;521;625;11;14;14;1
29366;534;625;11;14;14;1
29369;547;625;11;14;14;1
29378;560;625;11;14;14;1
29392;573;625;11;14;14;1
29399;586;625;11;14;14;1
29408;599;625;11;14;14;1
29409;612;625;11;14;14;1
29420;633;225;11;14;14;1
29421;633;193;11;14;14;1
29422;633;257;11;14;14;1
29425;622;113;11;14;14;1
29432;622;161;11;14;14;1
29436;625;417;11;14;14;1
29454;622;369;11;14;14;1
29461;622;81;11;14;14;1
29467;624;545;11;14;14;1
29468;634;209;11;14;14;1
29469;634;241;11;14;14;1
29481;634;177;11;14;14;1
29482;634;273;11;14;14;1
29483;632;97;11;14;14;1
29486;634;289;11;14;14;1
29492;633;129;11;14;14;1
29502;633;145;11;14;14;1
29536;633;305;11;14;14;1
29572;633;385;11;14;14;1
29575;633;401;11;14;14;1
29577;633;433;11;14;14;1
29579;633;321;11;14;14;1
29590;633;337;11;14;14;1
29595;633;353;11;14;14;1
29609;632;1;11;14;14;1
29611;632;17;11;14;14;1
29615;632;33;11;14;14;1
29616;632;49;11;14;14;1
29618;632;65;11;14;14;1
29623;625;449;11;14;14;1
29627;625;561;11;14;14;1
29632;625;465;11;14;14;1
29642;625;577;11;14;14;1
29645;625;481;11;14;14;1
29664;625;593;11;14;14;1
29677;625;497;11;14;14;1
29699;625;609;11;14;14;1
29702;625;625;11;14;14;1
29705;625;513;11;14;14;1
29712;625;529;11;14;14;1
29730;1;646;11;14;14;1
29733;14;645;11;14;14;1
29734;27;645;11;14;14;1
29748;40;645;11;14;14;1
29749;53;643;11;14;14;1
29750;66;643;11;14;14;1
29781;79;641;11;14;14;1
29790;92;641;11;14;14;1
29791;105;641;11;14;14;1
29808;118;641;11;14;14;1
29814;131;641;11;14;14;1
29824;144;641;11;14;14;1
29827;157;641;11;14;14;1
29835;170;641;11;14;14;1
29864;183;641;11;14;14;1
29916;196;641;11;14;14;1
29923;209;641;11;14;14;1
29926;222;641;11;14;14;1
29942;235;641;11;14;14;1
29976;248;641;11;14;14;1
29978;261;641;11;14;14;1
29980;274;641;11;14;14;1
29983;287;641;11;14;14;1
29992;635;113;10;14;14;1
29993;300;641;11;14;14;1
29997;313;641;11;14;14;1
30000;635;161;9;14;14;2
30001;635;369;9;14;14;2
30002;635;81;9;14;14;2
30003;326;641;9;14;14;2
30005;337;641;11;14;14;1
30007;350;641;11;14;14;1
30011;363;641;11;14;14;1
30021;376;641;11;14;14;1
30028;389;641;11;14;14;1
30031;402;641;11;14;14;1
30041;415;641;11;14;14;1
30044;428;641;11;14;14;1
30053;441;641;11;14;14;1
30058;454;641;11;14;14;1
30095;467;641;11;14;14;1
30097;480;641;11;14;14;1
30103;493;641;11;14;14;1
30105;506;641;11;14;14;1
30106;519;641;11;14;14;1
30116;532;641;11;14;14;1
30123;545;641;11;14;14;1
30127;558;641;11;14;14;1
30130;571;641;11;14;14;1
30140;584;641;11;14;14;1
30149;597;641;11;14;14;1
30151;610;641;11;14;14;1
30154;623;641;11;14;14;1
30162;646;225;11;14;14;1
30165;646;193;11;14;14;1
30171;646;257;11;14;14;1
30184;638;417;11;14;14;1
30186;637;545;11;14;14;1
30187;645;97;11;14;14;1
30196;647;209;11;14;14;1
30240;647;241;11;14;14;1
30246;647;273;11;14;14;1
30249;647;113;11;14;14;1
30250;647;289;11;14;14;1
30251;647;129;11;14;14;1
30270;647;145;11;14;14;1
30294;646;161;11;14;14;1
30315;647;177;11;14;14;1
30331;646;305;11;14;14;1
30333;646;433;9;14;14;2
30334;646;1;11;14;14;1
30338;646;321;11;14;14;1
30340;646;17;11;14;14;1
30342;646;337;10;14;14;2
30343;646;33;11;14;14;1
30353;646;353;11;14;14;1
30382;646;49;11;14;14;1
30385;645;65;11;14;14;1
30406;646;81;11;14;14;1
30408;646;369;11;14;14;1
30410;646;385;11;14;14;1
30414;646;401;11;14;14;1
30415;636;641;11;14;14;1
30416;638;449;11;14;14;1
30417;638;561;11;14;14;1
30418;638;465;11;14;14;1
30420;638;577;11;14;14;1
30422;638;481;11;14;14;1
30423;638;593;11;14;14;1
30424;638;497;11;14;14;1
30427;638;609;11;14;14;1
30431;638;625;11;14;14;1
30446;649;641;9;14;14;2
30447;638;513;11;14;14;1
30450;638;529;11;14;14;1
30452;659;225;10;14;14;2
30456;659;257;11;14;14;1
30457;659;161;11;14;14;1
30460;659;193;11;14;14;1
30462;659;1;11;14;14;1
30465;658;337;11;14;14;1
30473;658;65;11;14;14;1
30475;658;97;11;14;14;1
30495;651;417;11;14;14;1
30496;650;545;11;14;14;1
30504;659;305;11;14;14;1
30505;659;17;11;14;14;1
30511;659;81;11;14;14;1
30519;659;353;11;14;14;1
30522;659;321;11;14;14;1
30524;659;33;11;14;14;1
30528;659;369;11;14;14;1
30529;659;49;11;14;14;1
30544;659;385;11;14;14;1
30555;659;401;11;14;14;1
30561;657;433;11;14;14;1
30566;651;449;11;14;14;1
30571;651;561;11;14;14;1
30585;651;465;11;14;14;1
30596;651;577;11;14;14;1
30597;651;481;11;14;14;1
30604;651;593;11;14;14;1
30606;651;497;11;14;14;1
30610;651;609;11;14;14;1
30629;651;625;11;14;14;1
30631;651;513;11;14;14;1
30634;651;529;11;14;14;1
30636;1;662;11;14;14;1
30651;14;661;11;14;14;1
30683;27;661;11;14;14;1
30691;40;661;11;14;14;1
30693;53;659;11;14;14;1
30697;66;659;11;14;14;1
30701;79;657;11;14;14;1
30702;92;657;11;14;14;1
30707;105;657;11;14;14;1
30719;118;657;11;14;14;1
30721;131;657;11;14;14;1
30722;144;657;11;14;14;1
30733;157;657;11;14;14;1
30740;170;657;11;14;14;1
30742;183;657;11;14;14;1
30768;196;657;11;14;14;1
30772;209;657;11;14;14;1
30776;222;657;11;14;14;1
30782;235;657;11;14;14;1
30784;248;657;11;14;14;1
30805;261;657;11;14;14;1
30828;274;657;11;14;14;1
30830;287;657;11;14;14;1
30861;300;657;11;14;14;1
30862;313;657;11;14;14;1
30865;326;657;11;14;14;1
30871;339;657;11;14;14;1
30879;352;657;11;14;14;1
30887;365;657;11;14;14;1
30896;378;657;11;14;14;1
30899;391;657;11;14;14;1
30906;404;657;11;14;14;1
30910;417;657;11;14;14;1
30913;430;657;11;14;14;1
30917;443;657;11;14;14;1
30923;456;657;11;14;14;1
30928;469;657;11;14;14;1
30933;482;657;11;14;14;1
30952;495;657;11;14;14;1
31028;508;657;11;14;14;1
31034;521;657;11;14;14;1
31036;534;657;11;14;14;1
31038;547;657;11;14;14;1
31048;560;657;11;14;14;1
31062;573;657;11;14;14;1
31067;586;657;11;14;14;1
31069;599;657;11;14;14;1
31070;612;657;11;14;14;1
31071;625;657;11;14;14;1
31077;638;657;11;14;14;1
31080;651;657;11;14;14;1
31085;660;241;11;14;14;1
31095;660;177;11;14;14;1
31096;660;209;11;14;14;1
31104;671;337;11;14;14;1
31105;671;65;11;14;14;1
31108;664;417;11;14;14;1
31109;663;545;11;14;14;1
31119;660;641;11;14;14;1
31163;671;225;11;14;14;1
31165;672;193;11;14;14;1
31166;672;257;11;14;14;1
31168;672;1;11;14;14;1
31169;672;81;11;14;14;1
31171;672;353;11;14;14;1
31179;672;273;11;14;14;1
31181;672;17;11;14;14;1
31185;672;97;11;14;14;1
31186;672;369;11;14;14;1
31192;660;289;11;14;14;1
31199;672;33;11;14;14;1
31209;672;113;11;14;14;1
31215;672;385;11;14;14;1
31216;672;305;11;14;14;1
31227;672;49;11;14;14;1
31232;672;129;11;14;14;1
31243;672;401;11;14;14;1
31245;672;321;11;14;14;1
31246;660;145;11;14;14;1
31258;672;161;11;14;14;1
31264;670;433;11;14;14;1
31282;664;657;11;14;14;1
31283;664;449;11;14;14;1
31291;664;561;11;14;14;1
31292;664;465;11;14;14;1
31293;664;577;11;14;14;1
31295;664;481;11;14;14;1
31302;664;593;11;14;14;1
31348;664;497;11;14;14;1
31350;664;609;11;14;14;1
31351;664;625;11;14;14;1
31353;664;513;11;14;14;1
31354;664;529;11;14;14;1
31359;1;678;11;14;14;1
31361;14;677;11;14;14;1
31363;27;677;11;14;14;1
31373;40;677;11;14;14;1
31383;53;675;11;14;14;1
31384;66;675;11;14;14;1
31388;79;673;11;14;14;1
31389;92;673;11;14;14;1
31391;105;673;11;14;14;1
31397;118;673;11;14;14;1
31398;131;673;11;14;14;1
31423;144;673;11;14;14;1
31435;157;673;11;14;14;1
31446;170;673;11;14;14;1
31449;183;673;11;14;14;1
31454;196;673;11;14;14;1
31455;209;673;11;14;14;1
31456;222;673;11;14;14;1
31461;235;673;11;14;14;1
31469;248;673;11;14;14;1
31471;261;673;11;14;14;1
31481;274;673;11;14;14;1
31487;287;673;11;14;14;1
31505;300;673;11;14;14;1
31508;313;673;11;14;14;1
31513;326;673;11;14;14;1
31515;339;673;11;14;14;1
31526;352;673;11;14;14;1
31528;365;673;11;14;14;1
31532;378;673;11;14;14;1
31548;391;673;11;14;14;1
31561;404;673;11;14;14;1
31563;417;673;11;14;14;1
31567;430;673;11;14;14;1
31568;443;673;11;14;14;1
31569;456;673;11;14;14;1
31570;469;673;11;14;14;1
31572;482;673;11;14;14;1
31574;495;673;11;14;14;1
31581;508;673;11;14;14;1
31607;521;673;11;14;14;1
31609;534;673;11;14;14;1
31614;547;673;11;14;14;1
31616;560;673;11;14;14;1
31629;573;673;11;14;14;1
31639;586;673;11;14;14;1
31649;599;673;11;14;14;1
31661;612;673;11;14;14;1
31665;625;673;11;14;14;1
31687;638;673;11;14;14;1
31699;651;673;11;14;14;1
31709;664;673;11;14;14;1
31726;673;209;11;14;14;1
31735;673;241;11;14;14;1
31751;673;289;11;14;14;1
31807;684;65;11;14;14;1
31809;684;337;11;14;14;1
31821;673;145;11;14;14;1
31859;673;177;11;14;14;1
31867;677;417;11;14;14;1
31881;673;641;11;14;14;1
31890;676;545;11;14;14;1
31895;684;225;11;14;14;1
31896;685;257;11;14;14;1
31918;685;1;11;14;14;1
31921;685;305;11;14;14;1
31929;685;81;11;14;14;1
31934;685;161;11;14;14;1
31946;685;193;11;14;14;1
31957;685;353;11;14;14;1
31958;685;273;11;14;14;1
31961;685;17;11;14;14;1
31967;685;321;11;14;14;1
31995;685;97;11;14;14;1
32010;685;369;11;14;14;1
32032;685;33;11;14;14;1
32034;685;113;11;14;14;1
32039;685;385;11;14;14;1
32043;685;49;11;14;14;1
32047;660;273;9;14;14;2
32066;685;129;11;14;14;1
32113;685;401;11;14;14;1
32153;683;433;11;14;14;1
32154;677;657;11;14;14;1
32321;677;673;11;14;14;1
32416;660;113;10;14;14;1
32418;677;449;11;14;14;1
32420;677;561;11;14;14;1
32422;677;465;11;14;14;1
32423;677;577;11;14;14;1
32426;677;481;11;14;14;1
32431;677;593;11;14;14;1
32433;677;497;11;14;14;1
32435;677;609;11;14;14;1
32437;677;625;11;14;14;1
32439;677;513;11;14;14;1
32440;677;529;11;14;14;1
32441;1;694;11;14;14;1
32445;14;693;11;14;14;1
32447;27;693;11;14;14;1
32451;40;693;11;14;14;1
32452;53;691;11;14;14;1
32453;66;691;11;14;14;1
32454;79;689;11;14;14;1
32455;92;689;11;14;14;1
32456;105;689;11;14;14;1
32458;118;689;11;14;14;1
32461;131;689;11;14;14;1
32462;144;689;11;14;14;1
32463;157;689;11;14;14;1
32465;170;689;11;14;14;1
32466;183;689;11;14;14;1
32467;196;689;11;14;14;1
32469;209;689;11;14;14;1
32472;222;689;11;14;14;1
32473;235;689;11;14;14;1
32474;248;689;11;14;14;1
32476;261;689;11;14;14;1
32477;274;689;11;14;14;1
32478;287;689;11;14;14;1
32479;300;689;11;14;14;1
32483;313;689;11;14;14;1
32487;326;689;11;14;14;1
32489;339;689;11;14;14;1
32490;352;689;11;14;14;1
32493;365;689;11;14;14;1
32494;378;689;11;14;14;1
32495;391;689;11;14;14;1
32496;404;689;11;14;14;1
32499;417;689;11;14;14;1
32500;430;689;11;14;14;1
32501;443;689;11;14;14;1
32503;456;689;11;14;14;1
32504;469;689;11;14;14;1
32509;482;689;11;14;14;1
32511;495;689;11;14;14;1
32512;508;689;11;14;14;1
32516;521;689;11;14;14;1
32517;534;689;11;14;14;1
32518;547;689;11;14;14;1
32521;560;689;11;14;14;1
32526;573;689;11;14;14;1
32531;586;689;11;14;14;1
32532;599;689;11;14;14;1
32533;612;689;11;14;14;1
32534;625;689;11;14;14;1
32536;638;689;11;14;14;1
32538;651;689;11;14;14;1
32541;664;689;11;14;14;1
32544;677;689;11;14;14;1
32548;686;241;11;14;14;1
32552;686;177;11;14;14;1
32553;686;209;11;14;14;1
32558;686;289;11;14;14;1
32560;697;337;11;14;14;1
32564;697;65;11;14;14;1
32568;686;145;11;14;14;1
32570;690;417;11;14;14;1
32580;686;641;11;14;14;1
32592;689;545;11;14;14;1
32593;697;225;11;14;14;1
32597;698;193;11;14;14;1
32599;698;257;11;14;14;1
32602;698;305;11;14;14;1
32610;698;1;11;14;14;1
32617;698;81;11;14;14;1
32618;698;161;11;14;14;1
32622;698;353;11;14;14;1
32626;698;273;11;14;14;1
32641;698;321;11;14;14;1
32650;698;17;11;14;14;1
32654;698;97;11;14;14;1
32670;698;369;11;14;14;1
32673;698;33;11;14;14;1
32676;698;113;11;14;14;1
32701;698;385;11;14;14;1
32709;698;49;11;14;14;1
32724;698;129;11;14;14;1
32728;698;401;11;14;14;1
32745;696;433;11;14;14;1
32753;690;657;11;14;14;1
32763;690;449;11;14;14;1
32764;690;561;11;14;14;1
32768;690;673;11;14;14;1
32769;690;689;11;14;14;1
32771;690;465;11;14;14;1
32773;690;577;11;14;14;1
32780;690;481;11;14;14;1
32781;690;593;11;14;14;1
32784;690;497;11;14;14;1
32791;690;609;11;14;14;1
32819;690;625;11;14;14;1
32822;690;513;11;14;14;1
32823;690;529;11;14;14;1
32824;1;710;11;14;14;1
32827;14;709;11;14;14;1
32829;27;709;11;14;14;1
32838;40;709;11;14;14;1
32842;53;707;11;14;14;1
32843;66;707;11;14;14;1
32844;79;705;11;14;14;1
32852;92;705;11;14;14;1
32856;105;705;11;14;14;1
32858;118;705;11;14;14;1
32874;131;705;11;14;14;1
32899;144;705;11;14;14;1
32902;157;705;11;14;14;1
32905;660;129;9;14;14;2
32908;170;705;11;14;14;1
32918;699;209;9;14;14;2
32920;183;705;11;14;14;1
32922;196;705;11;14;14;1
32925;209;705;11;14;14;1
32928;222;705;11;14;14;1
32929;235;705;11;14;14;1
32930;248;705;11;14;14;1
32932;261;705;11;14;14;1
32933;274;705;11;14;14;1
32937;287;705;11;14;14;1
32942;300;705;11;14;14;1
32943;313;705;11;14;14;1
32946;326;705;11;14;14;1
32948;339;705;11;14;14;1
32954;352;705;11;14;14;1
32958;365;705;11;14;14;1
32959;378;705;11;14;14;1
32960;391;705;11;14;14;1
32961;404;705;11;14;14;1
32963;699;241;9;14;14;2
32966;417;705;11;14;14;1
32972;430;705;11;14;14;1
32974;443;705;11;14;14;1
32982;456;705;11;14;14;1
32986;469;705;11;14;14;1
32988;482;705;11;14;14;1
32990;495;705;11;14;14;1
32993;508;705;11;14;14;1
32999;521;705;11;14;14;1
33007;534;705;11;14;14;1
33011;547;705;11;14;14;1
33014;560;705;11;14;14;1
33016;573;705;11;14;14;1
33021;586;705;11;14;14;1
33026;599;705;11;14;14;1
33030;612;705;11;14;14;1
33033;625;705;11;14;14;1
33039;638;705;11;14;14;1
33041;651;705;11;14;14;1
33046;664;705;11;14;14;1
33050;677;705;11;14;14;1
33073;690;705;11;14;14;1
33080;699;177;11;14;14;1
33086;699;289;11;14;14;1
33100;710;337;11;14;14;1
33104;710;65;11;14;14;1
33105;699;145;11;14;14;1
33108;703;417;11;14;14;1
33109;699;641;11;14;14;1
33114;702;545;11;14;14;1
33125;711;193;11;14;14;1
33136;711;305;11;14;14;1
33145;711;1;11;14;14;1
33146;711;81;11;14;14;1
33147;711;161;11;14;14;1
33150;711;353;11;14;14;1
33151;711;209;11;14;14;1
33152;711;321;11;14;14;1
33162;711;17;11;14;14;1
33167;711;97;11;14;14;1
33179;711;369;11;14;14;1
33180;711;225;11;14;14;1
33181;711;33;11;14;14;1
33210;711;113;11;14;14;1
33216;711;385;11;14;14;1
33218;710;241;11;14;14;1
33226;711;49;11;14;14;1
33251;712;561;10;14;14;2
33258;712;177;9;14;14;2
33261;711;129;11;14;14;1
33267;711;401;11;14;14;1
33268;711;257;11;14;14;1
33292;711;273;11;14;14;1
33293;709;433;11;14;14;1
33296;703;657;11;14;14;1
33298;703;449;11;14;14;1
33300;703;577;11;14;14;1
33310;703;673;11;14;14;1
33311;703;465;11;14;14;1
33322;703;593;11;14;14;1
33324;703;689;11;14;14;1
33328;703;705;11;14;14;1
33329;703;481;11;14;14;1
33335;703;609;11;14;14;1
33337;703;625;11;14;14;1
33390;712;145;10;14;14;2
33391;712;289;10;14;14;2
33392;703;497;11;14;14;1
33394;703;513;11;14;14;1
33395;703;529;11;14;14;1
33402;723;337;11;14;14;1
33406;723;65;11;14;14;1
33410;723;177;11;14;14;1
33419;723;241;11;14;14;1
33426;716;417;11;14;14;1
33436;712;641;11;14;14;1
33437;715;545;11;14;14;1
33443;724;1;11;14;14;1
33445;724;81;11;14;14;1
33446;724;193;11;14;14;1
33452;724;257;11;14;14;1
33453;724;353;11;14;14;1
33455;724;561;11;14;14;1
33457;724;17;11;14;14;1
33459;724;97;11;14;14;1
33465;724;209;11;14;14;1
33469;724;273;11;14;14;1
33479;724;369;11;14;14;1
33485;724;33;11;14;14;1
33487;724;113;11;14;14;1
33490;724;225;11;14;14;1
33492;724;289;11;14;14;1
33495;724;385;11;14;14;1
33502;724;49;11;14;14;1
33504;724;129;11;14;14;1
33509;724;305;11;14;14;1
33510;724;401;11;14;14;1
33521;724;145;11;14;14;1
33529;724;321;11;14;14;1
33538;724;161;11;14;14;1
33539;722;433;11;14;14;1
33540;716;577;11;14;14;1
33550;716;657;11;14;14;1
33559;716;449;11;14;14;1
33563;716;593;11;14;14;1
33579;716;673;11;14;14;1
33580;716;465;11;14;14;1
33589;716;609;11;14;14;1
33590;716;625;11;14;14;1
33592;716;689;11;14;14;1
33606;716;705;11;14;14;1
33609;716;481;11;14;14;1
33615;716;497;11;14;14;1
33616;716;513;11;14;14;1
33618;716;529;11;14;14;1
33631;1;726;11;14;14;1
33633;14;725;11;14;14;1
33635;27;725;11;14;14;1
33639;40;725;11;14;14;1
33647;53;723;11;14;14;1
33655;66;723;11;14;14;1
33683;79;721;11;14;14;1
33707;92;721;11;14;14;1
33713;105;721;11;14;14;1
33716;118;721;11;14;14;1
33719;131;721;11;14;14;1
33725;144;721;11;14;14;1
33735;157;721;11;14;14;1
33738;170;721;11;14;14;1
33740;183;721;11;14;14;1
33756;196;721;11;14;14;1
33760;209;721;11;14;14;1
33778;222;721;11;14;14;1
33795;235;721;11;14;14;1
33796;248;721;11;14;14;1
33804;261;721;11;14;14;1
33806;274;721;11;14;14;1
33821;287;721;11;14;14;1
33829;300;721;11;14;14;1
33830;313;721;11;14;14;1
33832;326;721;11;14;14;1
33853;339;721;11;14;14;1
33879;352;721;11;14;14;1
33883;365;721;11;14;14;1
33889;378;721;11;14;14;1
33891;391;721;11;14;14;1
33897;404;721;11;14;14;1
33900;417;721;11;14;14;1
33905;430;721;11;14;14;1
33909;443;721;11;14;14;1
33922;456;721;11;14;14;1
33945;469;721;11;14;14;1
33948;482;721;11;14;14;1
33970;495;721;11;14;14;1
33976;508;721;11;14;14;1
33978;521;721;11;14;14;1
33983;534;721;11;14;14;1
33988;547;721;11;14;14;1
34013;560;721;11;14;14;1
34028;573;721;11;14;14;1
34067;586;721;11;14;14;1
34074;599;721;11;14;14;1
34091;612;721;11;14;14;1
34092;625;721;11;14;14;1
34107;638;721;11;14;14;1
34109;651;721;11;14;14;1
34121;664;721;11;14;14;1
34122;677;721;11;14;14;1
34164;690;721;11;14;14;1
34174;703;721;11;14;14;1
34180;716;721;11;14;14;1
34218;736;241;11;14;14;1
34223;736;65;11;14;14;1
34224;736;337;11;14;14;1
34249;736;177;11;14;14;1
34255;729;417;11;14;14;1
34259;725;641;11;14;14;1
34268;728;545;11;14;14;1
34276;737;1;11;14;14;1
34281;737;257;11;14;14;1
34299;737;81;11;14;14;1
34321;737;193;11;14;14;1
34382;737;353;11;14;14;1
34383;737;561;11;14;14;1
34384;737;17;11;14;14;1
34385;737;273;11;14;14;1
34388;737;97;11;14;14;1
34394;737;209;11;14;14;1
34411;737;369;11;14;14;1
34425;737;33;11;14;14;1
34429;737;289;11;14;14;1
34430;737;113;11;14;14;1
34432;737;225;11;14;14;1
34433;737;385;11;14;14;1
34444;737;49;11;14;14;1
34453;737;305;11;14;14;1
34468;737;129;11;14;14;1
34503;737;401;11;14;14;1
34507;737;321;11;14;14;1
34521;737;145;11;14;14;1
34523;737;161;11;14;14;1
34532;735;433;11;14;14;1
34542;729;577;11;14;14;1
34544;729;657;11;14;14;1
34558;729;449;11;14;14;1
34562;729;593;11;14;14;1
34570;729;673;11;14;14;1
34578;729;465;11;14;14;1
34581;729;609;11;14;14;1
34583;729;625;11;14;14;1
34584;729;689;11;14;14;1
34588;729;481;11;14;14;1
34593;729;705;11;14;14;1
34597;729;721;11;14;14;1
34609;729;497;11;14;14;1
34612;729;513;11;14;14;1
34615;729;529;11;14;14;1
34623;1;742;11;14;14;1
34631;14;741;11;14;14;1
34649;27;741;11;14;14;1
34656;40;741;11;14;14;1
34676;53;739;11;14;14;1
34678;66;739;11;14;14;1
34684;79;737;11;14;14;1
34690;92;737;11;14;14;1
34701;105;737;11;14;14;1
34728;118;737;11;14;14;1
34746;131;737;11;14;14;1
34769;144;737;11;14;14;1
34837;157;737;11;14;14;1
34850;170;737;11;14;14;1
34880;183;737;11;14;14;1
34885;196;737;11;14;14;1
34892;209;737;11;14;14;1
34893;222;737;11;14;14;1
34903;235;737;11;14;14;1
34913;248;737;11;14;14;1
34915;261;737;11;14;14;1
34917;274;737;11;14;14;1
34920;287;737;11;14;14;1
34923;300;737;11;14;14;1
34924;313;737;11;14;14;1
34935;326;737;11;14;14;1
34948;339;737;11;14;14;1
34955;352;737;11;14;14;1
34957;365;737;11;14;14;1
34962;378;737;11;14;14;1
34966;391;737;11;14;14;1
34972;404;737;11;14;14;1
34980;417;737;11;14;14;1
34987;430;737;11;14;14;1
34989;443;737;11;14;14;1
35009;456;737;11;14;14;1
35010;469;737;11;14;14;1
35013;482;737;11;14;14;1
35023;495;737;11;14;14;1
35033;508;737;11;14;14;1
35044;521;737;11;14;14;1
35059;534;737;11;14;14;1
35065;547;737;11;14;14;1
35079;560;737;11;14;14;1
35088;573;737;11;14;14;1
35114;586;737;11;14;14;1
35199;599;737;11;14;14;1
35201;612;737;11;14;14;1
35206;625;737;11;14;14;1
35211;638;737;11;14;14;1
35242;651;737;11;14;14;1
35265;664;737;11;14;14;1
35266;677;737;11;14;14;1
35268;690;737;11;14;14;1
35269;703;737;11;14;14;1
35270;716;737;11;14;14;1
35272;729;737;11;14;14;1
35273;749;241;11;14;14;1
35274;749;65;11;14;14;1
35278;749;337;11;14;14;1
35282;749;177;10;14;14;1
35299;742;417;11;14;14;1
35302;738;641;11;14;14;1
35328;741;545;11;14;14;1
35442;750;1;11;14;14;1
35465;750;257;11;14;14;1
35469;750;81;11;14;14;1
35475;750;193;11;14;14;1
35486;750;353;11;14;14;1
35686;750;561;11;14;14;1
35745;750;17;11;14;14;1
35746;750;273;11;14;14;1
35748;750;97;11;14;14;1
35752;750;209;11;14;14;1
35753;750;369;11;14;14;1
35754;750;33;11;14;14;1
35757;750;289;11;14;14;1
35758;750;113;11;14;14;1
35759;750;225;11;14;14;1
35760;750;385;11;14;14;1
35762;750;49;11;14;14;1
35766;750;305;11;14;14;1
35768;750;129;11;14;14;1
35770;750;401;11;14;14;1
35773;750;321;11;14;14;1
35774;750;145;11;14;14;1
35775;750;161;11;14;14;1
35776;748;433;11;14;14;1
35777;742;577;11;14;14;1
35780;742;657;11;14;14;1
35781;742;449;11;14;14;1
35782;742;593;11;14;14;1
35784;742;673;11;14;14;1
35785;742;465;11;14;14;1
35786;742;609;11;14;14;1
35787;742;625;11;14;14;1
35789;742;689;11;14;14;1
35793;742;481;11;14;14;1
35795;742;705;11;14;14;1
35797;742;497;11;14;14;1
35799;742;721;11;14;14;1
35802;742;737;11;14;14;1
35803;742;513;11;14;14;1
35805;742;529;11;14;14;1
35806;1;758;11;14;14;1
35808;14;757;11;14;14;1
35809;27;757;11;14;14;1
35810;40;757;11;14;14;1
35813;53;755;11;14;14;1
35814;66;755;11;14;14;1
35821;79;753;11;14;14;1
35823;92;753;11;14;14;1
35825;105;753;11;14;14;1
35826;118;753;11;14;14;1
35828;131;753;11;14;14;1
35829;144;753;11;14;14;1
35830;157;753;11;14;14;1
35831;170;753;11;14;14;1
35832;183;753;11;14;14;1
35834;196;753;11;14;14;1
35835;209;753;11;14;14;1
35837;222;753;11;14;14;1
35838;235;753;11;14;14;1
35840;248;753;11;14;14;1
35841;261;753;11;14;14;1
35843;274;753;11;14;14;1
35845;287;753;11;14;14;1
35848;300;753;11;14;14;1
35850;313;753;11;14;14;1
35851;326;753;11;14;14;1
35854;339;753;11;14;14;1
35856;352;753;11;14;14;1
35859;365;753;11;14;14;1
35865;378;753;11;14;14;1
35867;391;753;11;14;14;1
35868;404;753;11;14;14;1
35874;417;753;11;14;14;1
35875;430;753;11;14;14;1
35876;443;753;11;14;14;1
35880;456;753;11;14;14;1
35884;469;753;11;14;14;1
35889;482;753;11;14;14;1
35895;495;753;11;14;14;1
35905;508;753;11;14;14;1
35910;521;753;11;14;14;1
35930;534;753;11;14;14;1
35937;547;753;11;14;14;1
35946;560;753;11;14;14;1
35947;573;753;11;14;14;1
35980;586;753;11;14;14;1
36125;599;753;11;14;14;1
36127;612;753;11;14;14;1
36129;625;753;11;14;14;1
36130;638;753;11;14;14;1
36131;651;753;11;14;14;1
36132;664;753;11;14;14;1
36133;677;753;11;14;14;1
36134;690;753;11;14;14;1
36135;703;753;11;14;14;1
36136;716;753;11;14;14;1
36137;729;753;11;14;14;1
36138;742;753;11;14;14;1
36139;762;241;11;14;14;1
36140;762;65;11;14;14;1
36141;762;337;11;14;14;1
36143;761;177;11;14;14;1
36148;755;417;11;14;14;1
36149;751;641;11;14;14;1
36151;754;545;11;14;14;1
36153;763;1;11;14;14;1
36154;763;257;11;14;14;1
36156;763;81;11;14;14;1
36159;763;193;11;14;14;1
36162;763;353;11;14;14;1
36164;763;561;11;14;14;1
36171;763;17;11;14;14;1
36172;763;273;11;14;14;1
36175;763;97;11;14;14;1
36176;763;209;11;14;14;1
36180;763;369;11;14;14;1
36182;763;33;11;14;14;1
36186;763;289;11;14;14;1
36187;763;113;11;14;14;1
36189;763;225;11;14;14;1
36190;763;385;11;14;14;1
36192;763;49;11;14;14;1
36194;763;305;11;14;14;1
36196;763;129;11;14;14;1
36198;763;401;11;14;14;1
36203;763;321;11;14;14;1
36208;763;145;11;14;14;1
36212;763;161;11;14;14;1
36214;761;433;11;14;14;1
36215;755;577;11;14;14;1
36225;755;657;11;14;14;1
36229;755;449;11;14;14;1
36234;755;593;11;14;14;1
36235;755;673;11;14;14;1
36255;755;465;11;14;14;1
36259;755;609;11;14;14;1
36275;755;625;11;14;14;1
36276;755;689;11;14;14;1
36286;755;481;11;14;14;1
36291;755;705;11;14;14;1
36300;755;497;11;14;14;1
36305;755;721;11;14;14;1
36317;755;513;11;14;14;1
36319;755;529;11;14;14;1
36324;755;737;11;14;14;1
36328;755;753;11;14;14;1
36330;1;774;11;14;14;1
36335;14;773;11;14;14;1
36339;27;773;11;14;14;1
36341;40;773;11;14;14;1
36342;53;771;11;14;14;1
36346;66;771;11;14;14;1
36364;79;769;11;14;14;1
36367;92;769;11;14;14;1
36381;105;769;11;14;14;1
36386;118;769;11;14;14;1
36393;131;769;11;14;14;1
36394;144;769;11;14;14;1
36398;157;769;11;14;14;1
36405;170;769;11;14;14;1
36409;183;769;11;14;14;1
36420;196;769;11;14;14;1
36424;209;769;11;14;14;1
36442;222;769;11;14;14;1
36454;235;769;11;14;14;1
36461;248;769;11;14;14;1
36466;261;769;11;14;14;1
36479;274;769;11;14;14;1
36481;287;769;11;14;14;1
36487;300;769;11;14;14;1
36523;313;769;11;14;14;1
36524;326;769;11;14;14;1
36527;339;769;11;14;14;1
36530;352;769;11;14;14;1
36538;365;769;11;14;14;1
36710;378;769;11;14;14;1
36712;391;769;11;14;14;1
36716;404;769;11;14;14;1
36718;417;769;11;14;14;1
36719;430;769;11;14;14;1
36720;443;769;11;14;14;1
36731;456;769;11;14;14;1
36733;469;769;11;14;14;1
36739;482;769;11;14;14;1
36741;495;769;11;14;14;1
36742;508;769;11;14;14;1
36744;521;769;11;14;14;1
36745;534;769;11;14;14;1
36752;547;769;11;14;14;1
36753;560;769;11;14;14;1
36755;573;769;11;14;14;1
36761;586;769;11;14;14;1
36763;599;769;11;14;14;1
36764;612;769;11;14;14;1
36766;625;769;11;14;14;1
36767;638;769;11;14;14;1
36771;651;769;11;14;14;1
36776;664;769;11;14;14;1
36777;677;769;11;14;14;1
36779;690;769;11;14;14;1
36784;703;769;11;14;14;1
36785;716;769;11;14;14;1
36793;729;769;11;14;14;1
36796;742;769;11;14;14;1
36797;755;769;11;14;14;1
36798;775;241;11;14;14;1
36801;775;65;11;14;14;1
36804;775;337;11;14;14;1
36805;774;177;11;14;14;1
36807;768;417;11;14;14;1
36808;764;641;11;14;14;1
36814;767;545;11;14;14;1
36816;776;1;11;14;14;1
36817;776;257;11;14;14;1
36820;776;81;11;14;14;1
36824;776;193;11;14;14;1
36825;776;353;11;14;14;1
36827;776;561;11;14;14;1
36828;776;17;11;14;14;1
36829;776;273;11;14;14;1
36830;776;97;11;14;14;1
36831;776;209;11;14;14;1
36842;776;369;11;14;14;1
36843;776;33;11;14;14;1
36848;776;289;11;14;14;1
36855;776;113;11;14;14;1
36856;776;225;11;14;14;1
36857;776;385;11;14;14;1
36861;776;49;11;14;14;1
36864;776;305;11;14;14;1
36865;776;129;11;14;14;1
36866;776;401;11;14;14;1
36867;776;321;11;14;14;1
36869;776;145;11;14;14;1
36870;776;161;11;14;14;1
36873;774;433;11;14;14;1
36874;768;577;11;14;14;1
36877;768;657;11;14;14;1
36879;768;449;11;14;14;1
36880;768;593;11;14;14;1
36882;768;673;11;14;14;1
36884;768;465;11;14;14;1
36887;768;609;11;14;14;1
36889;768;625;11;14;14;1
36890;768;689;11;14;14;1
36891;768;481;11;14;14;1
36893;768;705;11;14;14;1
36894;768;497;11;14;14;1
36895;768;721;11;14;14;1
36896;768;513;11;14;14;1
36898;768;529;11;14;14;1
36910;768;737;11;14;14;1
36914;768;753;11;14;14;1
36923;768;769;11;14;14;1
36924;788;241;11;14;14;1
36926;788;65;11;14;14;1
36930;788;337;11;14;14;1
36935;787;177;11;14;14;1
36941;781;417;11;14;14;1
36947;777;641;11;14;14;1
36948;780;545;11;14;14;1
36951;789;1;11;14;14;1
36955;789;257;11;14;14;1
36963;789;81;11;14;14;1
36965;789;193;11;14;14;1
36968;789;353;11;14;14;1
36973;789;561;11;14;14;1
36974;789;17;11;14;14;1
36981;789;273;11;14;14;1
36984;789;97;11;14;14;1
36991;789;209;11;14;14;1
36992;789;369;11;14;14;1
36994;789;33;11;14;14;1
36995;789;289;11;14;14;1
37027;789;113;11;14;14;1
37030;789;225;11;14;14;1
37034;789;385;11;14;14;1
37038;789;49;11;14;14;1
37051;789;305;11;14;14;1
37057;789;129;11;14;14;1
37070;790;577;10;14;14;2
37096;789;401;11;14;14;1
37117;789;321;11;14;14;1
37145;789;145;11;14;14;1
37197;789;161;11;14;14;1
37202;787;433;11;14;14;1
37221;781;657;11;14;14;1
37226;781;449;11;14;14;1
37228;781;593;11;14;14;1
37233;781;673;11;14;14;1
37237;781;465;11;14;14;1
37239;781;609;11;14;14;1
37240;781;625;11;14;14;1
37247;781;689;11;14;14;1
37255;781;481;11;14;14;1
37257;781;705;11;14;14;1
37259;781;497;11;14;14;1
37266;781;721;11;14;14;1
37319;781;513;11;14;14;1
37322;781;529;11;14;14;1
37324;781;737;11;14;14;1
37325;781;753;11;14;14;1
37326;781;769;11;14;14;1
37327;1;790;11;14;14;1
37329;14;789;11;14;14;1
37340;27;789;11;14;14;1
37492;40;789;11;14;14;1
37512;53;787;11;14;14;1
38024;66;787;11;14;14;1
38025;79;785;11;14;14;1
38035;92;785;11;14;14;1
38041;105;785;11;14;14;1
38045;118;785;11;14;14;1
38046;131;785;11;14;14;1
38047;144;785;11;14;14;1
38049;157;785;11;14;14;1
38050;170;785;11;14;14;1
38053;183;785;11;14;14;1
38057;196;785;11;14;14;1
38062;209;785;11;14;14;1
38065;222;785;11;14;14;1
38069;235;785;11;14;14;1
38075;248;785;11;14;14;1
38078;261;785;11;14;14;1
38081;274;785;11;14;14;1
38082;287;785;11;14;14;1
38083;300;785;11;14;14;1
38085;313;785;11;14;14;1
38096;326;785;11;14;14;1
38107;339;785;11;14;14;1
38108;352;785;11;14;14;1
38109;365;785;11;14;14;1
38125;378;785;11;14;14;1
38130;391;785;11;14;14;1
38134;404;785;11;14;14;1
38136;417;785;11;14;14;1
38138;430;785;11;14;14;1
38142;443;785;11;14;14;1
38144;456;785;11;14;14;1
38145;469;785;11;14;14;1
38149;482;785;11;14;14;1
38152;495;785;11;14;14;1
38153;508;785;11;14;14;1
38155;521;785;11;14;14;1
38160;534;785;11;14;14;1
38162;547;785;11;14;14;1
38169;560;785;11;14;14;1
38175;573;785;11;14;14;1
38177;586;785;11;14;14;1
38178;599;785;11;14;14;1
38180;612;785;11;14;14;1
38181;625;785;11;14;14;1
38182;638;785;11;14;14;1
38189;651;785;11;14;14;1
38190;664;785;11;14;14;1
38191;677;785;11;14;14;1
38197;690;785;11;14;14;1
38203;703;785;11;14;14;1
38208;716;785;11;14;14;1
38209;729;785;11;14;14;1
38215;742;785;11;14;14;1
38220;755;785;11;14;14;1
38230;768;785;11;14;14;1
38231;781;785;11;14;14;1
38236;801;241;11;14;14;1
38243;801;65;11;14;14;1
38253;801;337;11;14;14;1
38256;800;177;11;14;14;1
38258;794;417;11;14;14;1
38259;790;641;11;14;14;1
38262;793;545;11;14;14;1
38271;802;1;11;14;14;1
38283;802;257;11;14;14;1
38343;802;81;11;14;14;1
38376;803;561;10;14;14;2
38378;803;577;10;14;14;2
38381;803;593;10;14;14;2
38382;803;609;10;14;14;2
38383;802;193;11;14;14;1
38386;802;353;11;14;14;1
38388;794;625;10;14;14;2
38391;802;17;11;14;14;1
38392;802;273;11;14;14;1
38393;802;97;11;14;14;1
38394;802;209;11;14;14;1
38395;802;369;11;14;14;1
38405;802;33;11;14;14;1
38414;802;289;11;14;14;1
38420;802;113;11;14;14;1
38422;802;225;11;14;14;1
38431;802;385;11;14;14;1
38449;802;49;11;14;14;1
38450;802;305;11;14;14;1
38451;802;129;11;14;14;1
38452;803;641;10;14;14;1
38453;802;401;11;14;14;1
38454;802;321;11;14;14;1
38459;802;145;11;14;14;1
38463;802;161;11;14;14;1
38464;800;433;11;14;14;1
38468;794;657;11;14;14;1
38469;794;449;11;14;14;1
38472;794;673;11;14;14;1
38475;794;465;11;14;14;1
38476;794;689;11;14;14;1
38477;794;481;11;14;14;1
38480;794;705;11;14;14;1
38491;794;497;11;14;14;1
38498;794;721;11;14;14;1
38500;794;513;11;14;14;1
38505;794;529;11;14;14;1
38506;794;737;11;14;14;1
38518;794;753;11;14;14;1
38519;794;769;11;14;14;1
38534;794;785;11;14;14;1
38543;1;806;11;14;14;1
38544;14;805;11;14;14;1
38548;27;805;11;14;14;1
38553;40;805;11;14;14;1
38556;53;803;11;14;14;1
38567;66;803;11;14;14;1
38582;79;801;11;14;14;1
38590;92;801;11;14;14;1
38596;105;801;11;14;14;1
38597;118;801;11;14;14;1
38598;131;801;11;14;14;1
38599;144;801;11;14;14;1
38604;157;801;11;14;14;1
38607;170;801;11;14;14;1
38613;183;801;11;14;14;1
38632;196;801;11;14;14;1
38634;209;801;11;14;14;1
38646;222;801;11;14;14;1
38647;235;801;11;14;14;1
38654;248;801;11;14;14;1
38656;261;801;11;14;14;1
38660;274;801;11;14;14;1
38662;287;801;11;14;14;1
38663;300;801;11;14;14;1
38665;313;801;11;14;14;1
38669;326;801;11;14;14;1
38675;339;801;11;14;14;1
38684;352;801;11;14;14;1
38706;365;801;11;14;14;1
38712;378;801;11;14;14;1
38738;391;801;11;14;14;1
38745;404;801;11;14;14;1
38750;417;801;11;14;14;1
38752;430;801;11;14;14;1
38753;443;801;11;14;14;1
38754;456;801;11;14;14;1
38761;469;801;11;14;14;1
38772;482;801;11;14;14;1
38774;495;801;11;14;14;1
38795;508;801;11;14;14;1
38808;521;801;11;14;14;1
38816;534;801;11;14;14;1
38829;547;801;11;14;14;1
38887;560;801;11;14;14;1
38899;573;801;11;14;14;1
38901;586;801;11;14;14;1
39029;599;801;11;14;14;1
39030;612;801;11;14;14;1
39033;625;801;11;14;14;1
39034;638;801;11;14;14;1
39035;651;801;11;14;14;1
39037;664;801;11;14;14;1
39038;677;801;11;14;14;1
39039;690;801;11;14;14;1
39041;703;801;11;14;14;1
39042;716;801;11;14;14;1
39044;729;801;11;14;14;1
39046;742;801;11;14;14;1
39047;755;801;11;14;14;1
39050;768;801;11;14;14;1
39056;781;801;11;14;14;1
39057;794;801;11;14;14;1
39062;814;241;11;14;14;1
39063;814;65;11;14;14;1
39064;806;625;11;14;14;1
39068;814;337;11;14;14;1
39069;813;177;11;14;14;1
39072;807;417;11;14;14;1
39076;806;545;11;14;14;1
39118;815;1;11;14;14;1
39123;815;641;11;14;14;1
39125;815;257;11;14;14;1
39128;815;81;11;14;14;1
39129;815;193;11;14;14;1
39134;815;353;11;14;14;1
39135;815;561;11;14;14;1
39184;815;17;11;14;14;1
39269;815;273;11;14;14;1
39274;815;97;11;14;14;1
39277;815;209;11;14;14;1
39278;815;369;11;14;14;1
39280;815;577;11;14;14;1
39281;815;33;11;14;14;1
39282;815;289;11;14;14;1
39284;815;113;11;14;14;1
39286;815;225;11;14;14;1
39292;815;385;11;14;14;1
39295;815;593;11;14;14;1
39300;815;49;11;14;14;1
39301;815;305;11;14;14;1
39302;815;129;11;14;14;1
39304;815;401;11;14;14;1
39306;815;609;11;14;14;1
39307;815;321;11;14;14;1
39311;815;145;11;14;14;1
39318;815;161;11;14;14;1
39321;813;433;11;14;14;1
39336;807;657;11;14;14;1
39443;807;449;11;14;14;1
39532;807;673;11;14;14;1
39533;807;465;11;14;14;1
39535;807;689;11;14;14;1
39536;807;481;11;14;14;1
39537;807;705;11;14;14;1
39539;807;497;11;14;14;1
39542;807;721;11;14;14;1
39550;807;513;11;14;14;1
39554;807;529;11;14;14;1
39556;807;737;11;14;14;1
39559;807;753;11;14;14;1
39564;807;769;11;14;14;1
39569;807;785;11;14;14;1
39575;807;801;11;14;14;1
39578;1;822;11;14;14;1
39579;14;821;11;14;14;1
39588;27;821;11;14;14;1
39592;40;821;11;14;14;1
39600;53;819;11;14;14;1
39607;66;819;11;14;14;1
39621;79;817;11;14;14;1
39635;92;817;11;14;14;1
39640;105;817;11;14;14;1
39654;118;817;11;14;14;1
39683;131;817;11;14;14;1
39699;144;817;11;14;14;1
39740;157;817;11;14;14;1
39746;170;817;11;14;14;1
39748;183;817;11;14;14;1
39749;196;817;11;14;14;1
39751;209;817;11;14;14;1
39764;222;817;11;14;14;1
40060;235;817;11;14;14;1
40063;248;817;11;14;14;1
40065;261;817;11;14;14;1
40092;274;817;11;14;14;1
40095;287;817;11;14;14;1
40113;300;817;11;14;14;1
40131;313;817;11;14;14;1
40132;326;817;11;14;14;1
40150;339;817;11;14;14;1
40158;352;817;11;14;14;1
40479;365;817;11;14;14;1
40481;378;817;11;14;14;1
40483;391;817;11;14;14;1
40485;404;817;11;14;14;1
40486;417;817;11;14;14;1
40493;430;817;11;14;14;1
40509;443;817;11;14;14;1
40517;456;817;11;14;14;1
40521;469;817;11;14;14;1
40550;482;817;11;14;14;1
40560;495;817;11;14;14;1
40575;508;817;11;14;14;1
40614;521;817;11;14;14;1
40632;534;817;11;14;14;1
40635;547;817;11;14;14;1
40638;560;817;11;14;14;1
40644;573;817;11;14;14;1
40654;586;817;11;14;14;1
40655;599;817;11;14;14;1
40657;612;817;11;14;14;1
40664;625;817;11;14;14;1
40667;638;817;11;14;14;1
40670;651;817;11;14;14;1
40687;664;817;11;14;14;1
40723;677;817;11;14;14;1
40736;690;817;10;14;14;2
40763;702;817;11;14;14;1
40784;715;817;11;14;14;1
40831;728;817;11;14;14;1
40836;741;817;11;14;14;1
40857;754;817;11;14;14;1
40863;767;817;11;14;14;1
65281;298;835;4;13;14;3
65285;304;835;9;13;14;2
65286;315;835;8;13;14;2
65288;836;155;3;13;14;7
65289;836;730;3;13;14;3
65290;840;639;9;12;14;2
65291;849;123;7;11;14;3
65292;22;37;2;14;14;3
65295;840;441;9;12;14;2
65306;837;611;2;12;14;3
65307;845;625;2;12;14;3
65308;839;685;10;12;14;2
65310;839;774;10;12;14;2
65311;325;835;6;13;14;2
65374;851;96;10;9;14;1
65533;780;817;11;14;13;1
