"8bitoperator JVE";24;False;False;1;0;1;1
32;29;35;6;32;6;0
33;817;689;8;26;12;2
34;1567;905;10;16;12;0
35;1551;121;14;26;16;0
36;43;1;12;30;14;0
37;1551;61;14;26;16;0
38;1551;1111;14;26;16;0
39;1547;713;4;16;6;0
40;1549;983;8;26;10;0
41;817;717;8;26;10;0
42;989;1559;16;22;18;0
43;1567;517;12;22;14;0
44;47;33;4;30;6;0
45;1567;1327;12;18;14;0
46;1527;931;4;26;6;0
47;505;181;12;28;14;0
48;1553;149;12;26;14;0
49;1553;1;12;26;14;0
50;1553;89;12;26;14;0
51;1553;1139;12;26;14;0
52;1553;1011;12;26;14;0
53;1553;177;12;26;14;0
54;1553;29;12;26;14;0
55;1553;1167;12;26;14;0
56;1553;1039;12;26;14;0
57;1553;205;12;26;14;0
58;821;599;4;26;6;0
59;57;1;4;30;6;0
60;1547;479;10;26;12;0
61;1567;1033;12;20;14;0
62;1553;1195;10;26;12;0
63;1553;1067;12;26;14;0
64;1553;233;12;26;14;0
65;1553;507;12;26;14;0
66;1553;535;12;26;14;0
67;1553;687;12;26;14;0
68;1553;325;12;26;14;0
69;1553;1251;12;26;14;0
70;1553;563;12;26;14;0
71;1553;715;12;26;14;0
72;1553;353;12;26;14;0
73;1553;1279;12;26;14;0
74;1553;591;12;26;14;0
75;1553;743;12;26;14;0
76;1553;381;12;26;14;0
77;1551;871;14;26;16;0
78;1553;1307;12;26;14;0
79;1553;409;12;26;14;0
80;1553;771;12;26;14;0
81;53;33;12;30;14;0
82;1553;1335;12;26;14;0
83;1553;437;12;26;14;0
84;1553;799;12;26;14;0
85;1553;1363;12;26;14;0
86;1553;1419;12;26;14;0
87;1551;899;14;26;16;0
88;1553;1447;12;26;14;0
89;1551;927;12;26;14;0
90;1553;1475;12;26;14;0
91;1553;1503;8;26;10;0
92;1177;1051;12;28;14;0
93;1553;1531;8;26;10;0
94;1567;697;12;14;14;0
95;37;35;8;32;10;0
96;1533;1039;6;10;8;0
97;1549;619;12;26;14;0
98;1565;1195;12;26;14;0
99;1565;1391;12;26;14;0
100;505;211;12;26;14;0
101;1465;1351;12;26;14;0
102;1535;541;12;26;14;0
103;1;1;12;32;14;0
104;1533;481;12;26;14;0
105;1537;301;12;26;14;0
106;15;1;12;32;14;0
107;1537;1231;12;26;14;0
108;1537;871;12;26;14;0
109;1537;1441;14;26;16;0
110;1537;241;12;26;14;0
111;1537;1171;12;26;14;0
112;29;1;12;32;14;0
113;1;35;12;32;14;0
114;1535;631;12;26;14;0
115;1537;781;12;26;14;0
116;1465;1379;12;26;14;0
117;1537;899;12;26;14;0
118;1465;1407;12;26;14;0
119;1535;927;14;26;16;0
120;1533;955;12;26;14;0
121;15;35;12;32;14;0
122;1513;931;12;26;14;0
123;505;361;10;26;12;0
124;1547;181;4;26;6;0
125;505;417;10;26;12;0
126;1305;1559;14;18;16;0
127;1321;1559;14;18;16;0
160;47;65;1;24;2;1
183;1547;597;4;18;26;11
215;973;1559;14;22;26;5
224;1483;1531;12;26;18;3
236;1497;1531;12;26;18;3
237;1511;1531;12;26;18;3
257;1525;1529;12;26;18;3
275;1539;1529;12;26;18;3
283;1547;955;12;26;18;3
8203;1567;1471;12;24;18;3
8212;1337;1559;18;16;26;3
8220;1553;1095;10;14;26;9
8221;1553;855;10;14;26;5
8230;1283;1559;20;16;26;1
8546;707;1559;22;24;26;1
8592;1023;1559;22;20;26;1
8593;1553;827;10;26;26;7
8594;1047;1559;22;20;26;1
8595;1553;1391;10;26;26;7
9688;1567;1471;12;24;18;3
12288;47;65;1;24;26;1
12289;1551;297;6;24;26;7
12290;817;661;8;26;26;5
12295;67;1;22;28;26;1
12298;1567;1;12;24;26;7
12299;1567;1223;12;24;26;5
12300;1545;809;6;20;26;15
12301;1545;361;6;26;26;5
12302;50;65;10;24;26;11
12303;67;31;10;28;26;5
12304;1201;1111;10;26;26;11
12305;1541;569;10;26;26;5
12353;1533;983;14;26;26;5
12354;1513;959;18;26;26;3
12355;1567;1419;12;24;26;7
12356;1561;955;18;24;26;5
12357;1567;1249;12;24;26;5
12358;1565;827;14;24;26;5
12359;1565;927;14;24;26;5
12360;1563;1503;14;24;26;5
12361;1563;619;16;24;26;5
12362;1559;465;18;24;26;5
12363;1513;1501;20;26;26;1
12364;1;1539;22;26;26;1
12365;25;1539;12;26;26;5
12366;1533;1011;18;26;26;5
12367;817;571;8;26;26;7
12368;1513;987;18;26;26;5
12369;1535;1501;16;26;26;3
12370;39;1539;20;26;26;3
12371;731;1559;16;22;26;3
12372;749;1559;20;22;26;3
12373;1563;1529;14;24;26;5
12374;1;1567;18;24;26;5
12375;21;1567;10;24;26;5
12376;1563;1555;16;24;26;5
12377;61;1539;16;26;26;3
12378;79;1531;20;26;26;3
12379;101;1531;16;26;26;3
12380;119;1531;20;26;26;3
12381;33;1567;16;24;26;3
12382;51;1567;20;24;26;3
12383;73;1567;18;24;26;3
12384;1525;1557;20;24;26;3
12385;141;1531;16;26;26;3
12386;159;1531;20;26;26;3
12387;1547;1559;14;24;26;5
12388;93;1559;16;24;26;3
12389;111;1559;18;24;26;3
12390;131;1559;16;24;26;3
12391;149;1559;22;24;26;1
12392;181;1531;14;26;26;5
12393;197;1531;18;26;26;5
12394;217;1531;18;26;26;3
12395;237;1531;18;26;26;3
12396;257;1531;20;26;26;3
12397;279;1531;18;26;26;3
12398;299;1531;18;26;26;3
12399;319;1531;16;26;26;3
12400;337;1531;20;26;26;3
12401;359;1531;20;26;26;3
12402;381;1531;18;26;26;3
12403;401;1531;20;26;26;3
12404;423;1531;20;26;26;3
12405;445;1531;18;26;26;3
12406;465;1531;20;26;26;3
12407;487;1531;20;26;26;3
12408;1071;1559;20;18;26;3
12409;1093;1559;20;18;26;3
12410;1115;1559;20;18;26;3
12411;509;1531;16;26;26;3
12412;527;1531;20;26;26;3
12413;549;1531;22;26;26;1
12414;573;1531;12;26;26;5
12415;587;1531;18;26;26;3
12416;607;1531;20;26;26;3
12417;173;1559;18;24;26;1
12418;629;1531;14;26;26;5
12419;645;1531;18;26;26;3
12420;665;1531;18;26;26;3
12421;685;1531;16;26;26;3
12422;703;1531;20;26;26;3
12423;725;1531;14;26;26;5
12424;741;1531;16;26;26;3
12425;759;1531;14;26;26;5
12426;1541;509;10;26;26;7
12427;775;1531;14;26;26;7
12428;193;1559;20;24;26;3
12429;791;1531;14;26;26;5
12430;215;1559;16;24;26;3
12431;233;1559;18;24;26;3
12434;807;1531;14;26;26;5
12435;253;1559;18;24;26;5
12449;273;1559;14;24;26;5
12450;823;1531;16;26;26;3
12451;1567;981;10;24;26;5
12452;505;389;10;26;26;5
12453;841;1531;14;26;26;5
12454;857;1531;18;26;26;3
12455;1137;1559;14;20;26;5
12456;771;1559;18;22;26;3
12457;289;1559;14;24;26;3
12458;1;69;18;28;26;3
12459;305;1559;14;24;26;3
12460;321;1559;20;24;26;3
12461;877;1531;12;26;26;3
12462;891;1531;18;26;26;3
12463;1567;1275;12;24;26;5
12464;343;1559;16;24;26;5
12465;361;1559;16;24;26;3
12466;379;1559;20;24;26;3
12467;791;1559;14;22;26;5
12468;807;1559;18;22;26;5
12469;911;1531;18;26;26;3
12470;931;1531;18;26;26;3
12471;951;1531;16;26;26;3
12472;969;1531;20;26;26;3
12473;401;1559;14;24;26;5
12474;417;1559;16;24;26;5
12475;435;1559;18;24;26;3
12476;455;1559;20;24;26;3
12477;991;1531;12;26;26;5
12478;1005;1531;18;26;26;3
12479;1025;1531;14;26;26;3
12480;1041;1531;20;26;26;3
12481;1063;1531;18;26;26;3
12482;1083;1531;20;26;26;3
12483;1105;1531;12;26;26;5
12484;1119;1531;12;26;26;5
12485;1133;1531;18;26;26;3
12486;1153;1531;18;26;26;3
12487;67;61;22;28;26;1
12488;1201;1139;10;26;26;7
12489;1173;1531;14;26;26;7
12490;477;1559;14;24;26;5
12491;1153;1559;18;20;26;3
12492;1567;853;12;24;26;7
12493;1189;1531;12;26;26;5
12494;1567;1445;10;24;26;7
12495;827;1559;18;22;26;3
12496;847;1559;20;22;26;3
12497;869;1559;20;22;26;3
12498;1567;645;12;24;26;5
12499;493;1559;16;24;26;5
12500;511;1559;16;24;26;5
12501;1203;1531;14;26;26;3
12502;1219;1531;20;26;26;3
12503;1241;1531;20;26;26;3
12504;1173;1559;20;20;26;3
12505;1195;1559;20;20;26;3
12506;1217;1559;20;20;26;3
12507;1263;1531;18;26;26;3
12508;1283;1531;20;26;26;3
12509;1305;1531;20;26;26;3
12510;529;1559;14;24;26;5
12511;1567;27;12;24;26;5
12512;545;1559;16;24;26;3
12513;1567;491;12;24;26;5
12514;563;1559;18;24;26;3
12515;1327;1531;16;26;26;3
12516;583;1559;16;24;26;3
12517;891;1559;16;22;26;5
12518;1239;1559;20;20;26;3
12519;909;1559;14;22;26;5
12520;1567;1007;12;24;26;5
12521;1567;1301;12;24;26;5
12522;1543;451;8;26;26;7
12523;601;1559;20;24;26;1
12524;1567;879;12;24;26;5
12525;1567;53;12;22;26;5
12526;1345;1531;14;26;26;5
12527;1361;1531;18;26;26;3
12530;1381;1531;16;26;26;5
12531;1399;1531;16;26;26;3
12539;1567;1471;12;24;18;3
12540;925;1559;22;16;26;1
19968;949;1559;22;18;26;1
19969;21;69;22;28;26;1
19971;79;31;22;28;26;1
19975;91;1;22;28;26;1
19976;91;61;22;28;26;1
19977;1;99;22;28;26;1
19978;25;99;22;28;26;1
19979;49;91;22;28;26;1
19981;73;91;22;28;26;1
19982;103;31;22;28;26;1
19984;115;1;22;28;26;1
19985;115;61;22;28;26;1
19987;97;91;22;28;26;1
19988;1;129;22;28;26;1
19990;25;129;22;28;26;1
19994;49;121;22;28;26;1
19995;73;121;22;28;26;1
19996;97;121;22;28;26;1
19997;127;31;22;28;26;1
20002;139;1;22;28;26;1
20004;139;61;22;28;26;1
20005;121;91;22;28;26;1
20007;121;121;22;28;26;1
20010;1;159;22;28;26;1
20011;25;159;22;28;26;1
20013;49;151;18;28;26;3
20016;69;151;22;28;26;1
20018;93;151;22;28;26;1
20020;117;151;22;28;26;1
20022;1567;671;8;24;26;7
20024;151;31;22;28;26;1
20025;163;1;22;28;26;1
20026;163;61;22;28;26;1
20027;141;151;22;28;26;1
20029;145;91;22;28;26;1
20030;145;121;22;28;26;1
20035;175;31;22;28;26;1
20037;187;1;22;28;26;1
20040;187;61;22;28;26;1
20041;165;151;22;28;26;1
20043;189;91;20;28;26;3
20044;169;121;22;28;26;1
20045;1;189;22;28;26;1
20046;25;189;22;28;26;1
20047;49;181;22;28;26;1
20048;73;181;22;28;26;1
20052;97;181;22;28;26;1
20054;121;181;22;28;26;1
20056;145;181;22;28;26;1
20061;169;181;22;28;26;1
20062;189;151;20;28;26;1
20063;199;31;22;28;26;1
20064;193;121;20;28;26;1
20065;211;1;22;28;26;1
20070;211;61;22;28;26;1
20080;211;151;22;28;26;1
20081;211;91;22;28;26;1
20083;193;181;22;28;26;1
20102;169;91;18;28;26;3
20104;1;219;22;28;26;1
20105;25;219;22;28;26;1
20107;49;211;22;28;26;1
20108;1417;1531;22;26;26;1
20110;73;211;22;28;26;1
20111;97;211;22;28;26;1
20113;121;211;22;28;26;1
20114;145;211;22;28;26;1
20116;169;211;22;28;26;1
20117;193;211;22;28;26;1
20118;223;31;22;28;26;1
20122;215;121;22;28;26;1
20123;235;1;22;28;26;1
20129;235;61;22;28;26;1
20132;235;151;22;28;26;1
20134;235;91;22;28;26;1
20135;217;181;22;28;26;1
20139;217;211;22;28;26;1
20142;1;249;22;28;26;1
20146;25;249;22;28;26;1
20149;49;241;22;28;26;1
20154;73;241;22;28;26;1
20155;247;31;8;28;26;1
20159;97;241;22;28;26;1
20160;121;241;22;28;26;1
20161;145;241;22;28;26;1
20163;169;241;22;28;26;1
20165;193;241;22;28;26;1
20166;217;241;22;28;26;1
20167;239;121;22;28;26;1
20170;257;31;22;28;26;1
20171;259;151;22;28;26;1
20173;259;1;22;28;26;1
20174;259;61;22;28;26;1
20177;259;91;22;28;26;1
20179;241;181;22;28;26;1
20180;241;211;22;28;26;1
20182;241;241;22;28;26;1
20183;1;279;22;28;26;1
20184;25;279;22;28;26;1
20185;49;271;22;28;26;1
20195;73;271;22;28;26;1
20196;97;271;22;28;26;1
20197;121;271;20;28;26;3
20200;143;271;22;28;26;1
20202;167;271;22;28;26;1
20204;191;271;22;28;26;1
20208;215;271;22;28;26;1
20214;239;271;22;28;26;1
20215;281;31;22;28;26;1
20219;263;121;22;28;26;1
20221;283;1;22;28;26;1
20223;283;61;22;28;26;1
20225;283;151;22;28;26;1
20237;283;91;22;28;26;1
20238;263;271;22;28;26;1
20239;265;181;22;28;26;1
20240;265;211;22;28;26;1
20241;265;241;22;28;26;1
20247;305;31;22;28;26;1
20248;287;121;22;28;26;1
20249;307;1;22;28;26;1
20250;307;61;22;28;26;1
20254;307;151;22;28;26;1
20255;307;91;22;28;26;1
20256;287;271;22;28;26;1
20260;289;181;22;28;26;1
20262;289;211;22;28;26;1
20266;289;241;22;28;26;1
20267;1;309;22;28;26;1
20271;25;309;22;28;26;1
20272;49;301;22;28;26;1
20276;73;301;22;28;26;1
20278;97;301;22;28;26;1
20280;121;301;22;28;26;1
20282;145;301;22;28;26;1
20284;169;301;22;28;26;1
20294;193;301;22;28;26;1
20301;217;301;22;28;26;1
20302;241;301;22;28;26;1
20303;265;301;22;28;26;1
20305;289;301;22;28;26;1
20307;329;31;22;28;26;1
20309;311;121;22;28;26;1
20313;311;271;22;28;26;1
20315;331;1;22;28;26;1
20316;331;61;22;28;26;1
20320;331;151;22;28;26;1
20323;331;91;22;28;26;1
20329;313;301;22;28;26;1
20339;313;181;22;28;26;1
20346;313;211;22;28;26;1
20351;313;241;22;28;26;1
20355;1;339;22;28;26;1
20358;25;339;22;28;26;1
20360;49;331;22;28;26;1
20363;73;331;22;28;26;1
20365;97;331;22;28;26;1
20379;121;331;22;28;26;1
20381;145;331;22;28;26;1
20384;169;331;22;28;26;1
20387;193;331;22;28;26;1
20389;217;331;22;28;26;1
20391;241;331;22;28;26;1
20398;265;331;22;28;26;1
20405;289;331;22;28;26;1
20415;313;331;22;28;26;1
20419;353;31;22;28;26;1
20426;335;121;22;28;26;1
20432;335;271;22;28;26;1
20433;355;1;22;28;26;1
20439;355;61;22;28;26;1
20440;355;151;22;28;26;1
20445;355;91;22;28;26;1
20449;337;181;22;28;26;1
20457;337;301;22;28;26;1
20462;337;331;22;28;26;1
20463;337;211;22;28;26;1
20465;337;241;22;28;26;1
20474;1;369;22;28;26;1
20493;25;369;22;28;26;1
20498;49;361;22;28;26;1
20503;73;361;22;28;26;1
20504;97;361;22;28;26;1
20505;121;361;22;28;26;1
20511;145;361;22;28;26;1
20518;169;361;22;28;26;1
20538;193;361;22;28;26;1
20540;217;361;22;28;26;1
20542;241;361;22;28;26;1
20551;265;361;22;28;26;1
20559;289;361;22;28;26;1
20570;313;361;22;28;26;1
20572;337;361;22;28;26;1
20581;377;31;22;28;26;1
20598;359;121;22;28;26;1
20599;359;271;22;28;26;1
20607;379;1;22;28;26;1
20608;379;61;22;28;26;1
20613;379;151;22;28;26;1
20621;379;91;22;28;26;1
20648;361;181;22;28;26;1
20652;361;301;22;28;26;1
20658;361;211;22;28;26;1
20667;361;241;22;28;26;1
20677;361;331;22;28;26;1
20687;361;361;22;28;26;1
20698;1;399;22;28;26;1
20717;25;399;22;28;26;1
20725;49;391;22;28;26;1
20769;73;391;22;28;26;1
20799;97;391;22;28;26;1
20800;121;391;22;28;26;1
20801;145;391;22;28;26;1
20803;169;391;22;28;26;1
20804;193;391;22;28;26;1
20805;217;391;22;28;26;1
20806;241;391;22;28;26;1
20808;265;391;22;28;26;1
20809;289;391;22;28;26;1
20811;313;391;22;28;26;1
20813;337;391;22;28;26;1
20817;361;391;22;28;26;1
20820;401;31;22;28;26;1
20826;383;121;22;28;26;1
20828;383;271;22;28;26;1
20834;403;1;22;28;26;1
20837;403;61;22;28;26;1
20840;403;151;22;28;26;1
20843;403;91;22;28;26;1
20844;385;181;22;28;26;1
20845;385;301;22;28;26;1
20846;385;211;22;28;26;1
20848;385;241;22;28;26;1
20849;385;331;22;28;26;1
20851;385;361;22;28;26;1
20852;385;391;22;28;26;1
20853;425;31;22;28;26;1
20854;407;121;22;28;26;1
20855;407;271;22;28;26;1
20856;427;1;22;28;26;1
20857;427;61;22;28;26;1
20859;427;151;22;28;26;1
20860;427;91;22;28;26;1
20861;409;181;22;28;26;1
20864;409;301;22;28;26;1
20869;431;121;18;28;26;3
20876;409;211;22;28;26;1
20877;409;241;22;28;26;1
20882;409;331;20;28;26;3
20885;409;361;22;28;26;1
20889;409;391;22;28;26;1
20891;1;429;22;28;26;1
20892;25;429;22;28;26;1
20896;49;421;22;28;26;1
20898;73;421;22;28;26;1
20900;97;421;22;28;26;1
20901;121;421;22;28;26;1
20908;145;421;22;28;26;1
20912;169;421;22;28;26;1
20914;193;421;22;28;26;1
20915;217;421;22;28;26;1
20917;241;421;22;28;26;1
20919;265;421;22;28;26;1
20923;289;421;22;28;26;1
20925;313;421;22;28;26;1
20928;337;421;22;28;26;1
20934;361;421;22;28;26;1
20937;385;421;22;28;26;1
20939;409;421;22;28;26;1
20940;449;31;22;28;26;1
20943;431;271;22;28;26;1
20945;431;331;22;28;26;1
20955;451;1;22;28;26;1
20957;451;61;22;28;26;1
20960;433;301;22;28;26;1
20961;451;91;22;28;26;1
20964;451;121;22;28;26;1
20973;451;151;22;28;26;1
20975;433;181;22;28;26;1
20976;433;361;22;28;26;1
20979;433;211;22;28;26;1
20982;433;241;22;28;26;1
20985;433;391;22;28;26;1
20986;433;421;22;28;26;1
20987;1;459;22;28;26;1
20991;25;459;22;28;26;1
20992;49;451;22;28;26;1
20993;73;451;20;28;26;1
20995;95;451;22;28;26;1
20998;119;451;22;28;26;1
20999;143;451;22;28;26;1
21002;167;451;22;28;26;1
21009;191;451;22;28;26;1
21010;215;451;22;28;26;1
21015;239;451;22;28;26;1
21017;263;451;22;28;26;1
21018;287;451;22;28;26;1
21019;311;451;22;28;26;1
21021;335;451;22;28;26;1
21024;359;451;22;28;26;1
21028;383;451;22;28;26;1
21032;407;451;22;28;26;1
21033;431;451;22;28;26;1
21035;473;31;22;28;26;1
21038;455;331;22;28;26;1
21040;455;271;22;28;26;1
21046;475;1;22;28;26;1
21047;457;301;22;28;26;1
21048;475;61;22;28;26;1
21049;475;91;22;28;26;1
21050;475;121;22;28;26;1
21051;475;151;22;28;26;1
21058;455;451;22;28;26;1
21059;457;181;22;28;26;1
21066;457;361;22;28;26;1
21069;457;211;22;28;26;1
21073;457;241;22;28;26;1
21093;457;391;22;28;26;1
21095;457;421;22;28;26;1
21097;1;489;22;28;26;1
21098;25;489;22;28;26;1
21103;49;481;22;28;26;1
21106;73;481;22;28;26;1
21128;97;481;22;28;26;1
21147;121;481;20;28;26;1
21149;143;481;22;28;26;1
21150;167;481;22;28;26;1
21151;191;481;22;28;26;1
21152;215;481;22;28;26;1
21153;239;481;22;28;26;1
21155;263;481;22;28;26;1
21160;287;481;22;28;26;1
21161;311;481;22;28;26;1
21162;335;481;22;28;26;1
21163;359;481;22;28;26;1
21169;383;481;22;28;26;1
21170;407;481;22;28;26;1
21171;431;481;22;28;26;1
21183;455;481;22;28;26;1
21187;497;31;22;28;26;1
21191;479;331;20;28;26;1
21193;479;271;22;28;26;1
21195;499;1;22;28;26;1
21202;481;301;22;28;26;1
21215;499;61;22;28;26;1
21220;499;91;22;28;26;1
21242;499;121;22;28;26;1
21246;499;151;22;28;26;1
21247;481;361;22;28;26;1
21253;481;181;22;28;26;1
21254;481;391;22;28;26;1
21261;481;211;22;28;26;1
21264;481;241;22;28;26;1
21269;1441;1531;20;26;26;3
21270;481;421;22;28;26;1
21271;479;451;22;28;26;1
21273;479;481;22;28;26;1
21280;501;331;20;28;26;3
21283;1;519;20;28;26;3
21290;23;519;20;28;26;3
21305;45;519;20;28;26;3
21306;67;511;20;28;26;3
21307;89;511;20;28;26;3
21310;111;511;22;28;26;1
21311;135;511;20;28;26;3
21313;157;511;22;28;26;1
21315;181;511;22;28;26;1
21319;205;511;22;28;26;1
21320;229;511;22;28;26;1
21322;253;511;22;28;26;1
21326;277;511;22;28;26;1
21327;301;511;22;28;26;1
21329;325;511;22;28;26;1
21330;349;511;22;28;26;1
21331;373;511;22;28;26;1
21333;397;511;22;28;26;1
21334;421;511;22;28;26;1
21335;445;511;22;28;26;1
21338;469;511;22;28;26;1
21340;503;271;14;28;26;7
21343;493;511;22;28;26;1
21344;521;31;20;28;26;3
21345;505;301;22;28;26;1
21346;519;181;22;28;26;1
21350;519;211;22;28;26;1
21351;505;241;22;28;26;1
21355;519;271;22;28;26;1
21359;517;361;22;28;26;1
21360;517;391;22;28;26;1
21361;517;421;22;28;26;1
21363;523;1;20;28;26;3
21364;517;451;22;28;26;1
21365;503;481;22;28;26;1
21367;517;511;22;28;26;1
21368;529;241;22;28;26;1
21375;523;331;22;28;26;1
21378;527;481;22;28;26;1
21380;545;1;22;28;26;1
21381;529;301;22;28;26;1
21382;543;271;22;28;26;1
21385;543;31;22;28;26;1
21387;543;61;22;28;26;1
21388;543;91;22;28;26;1
21397;543;121;22;28;26;1
21400;523;151;22;28;26;1
21402;543;181;22;28;26;1
21407;543;211;22;28;26;1
21416;541;361;22;28;26;1
21417;541;511;22;28;26;1
21435;541;391;22;28;26;1
21442;541;421;22;28;26;1
21448;541;451;22;28;26;1
21450;1;549;22;28;26;1
21451;25;549;22;28;26;1
21452;49;549;22;28;26;1
21453;73;541;22;28;26;1
21457;97;541;22;28;26;1
21460;121;541;22;28;26;1
21462;145;541;22;28;26;1
21463;169;541;22;28;26;1
21464;193;541;22;28;26;1
21465;217;541;22;28;26;1
21467;241;541;22;28;26;1
21472;265;541;22;28;26;1
21475;1463;1531;18;26;26;3
21476;289;541;22;28;26;1
21477;313;541;22;28;26;1
21478;547;151;20;28;26;3
21480;337;541;22;28;26;1
21481;361;541;22;28;26;1
21482;385;541;22;28;26;1
21483;547;331;20;28;26;1
21484;409;541;20;28;26;1
21485;431;541;22;28;26;1
21486;455;541;22;28;26;1
21487;479;541;22;28;26;1
21488;503;541;22;28;26;1
21490;527;541;22;28;26;1
21491;553;241;22;28;26;1
21494;551;481;22;28;26;1
21495;553;301;22;28;26;1
21496;567;271;20;28;26;1
21497;569;1;22;28;26;1
21500;569;331;22;28;26;1
21501;569;31;22;28;26;1
21505;569;61;22;28;26;1
21507;569;91;22;28;26;1
21508;567;121;22;28;26;1
21512;569;151;22;28;26;1
21513;567;181;22;28;26;1
21514;567;211;22;28;26;1
21516;565;361;20;28;26;3
21517;565;511;22;28;26;1
21518;565;391;22;28;26;1
21520;565;421;22;28;26;1
21521;565;451;22;28;26;1
21523;551;541;22;28;26;1
21527;1;579;22;28;26;1
21531;25;579;22;28;26;1
21534;49;579;22;28;26;1
21535;73;571;22;28;26;1
21536;97;571;22;28;26;1
21542;121;571;22;28;26;1
21543;145;571;22;28;26;1
21544;169;571;22;28;26;1
21545;193;571;22;28;26;1
21547;217;571;22;28;26;1
21548;241;571;22;28;26;1
21549;265;571;22;28;26;1
21551;289;571;22;28;26;1
21553;313;571;22;28;26;1
21557;337;571;22;28;26;1
21560;361;571;22;28;26;1
21561;385;571;22;28;26;1
21563;409;571;22;28;26;1
21564;433;571;22;28;26;1
21566;457;571;22;28;26;1
21568;481;571;22;28;26;1
21571;505;571;22;28;26;1
21574;529;571;22;28;26;1
21576;553;571;22;28;26;1
21578;577;301;22;28;26;1
21584;591;121;22;28;26;1
21588;577;241;22;28;26;1
21589;587;361;22;28;26;1
21591;575;481;22;28;26;1
21592;575;541;22;28;26;1
21595;593;1;22;28;26;1
21596;589;271;22;28;26;1
21602;593;151;22;28;26;1
21603;593;331;22;28;26;1
21606;589;511;22;28;26;1
21608;593;31;22;28;26;1
21617;593;61;22;28;26;1
21618;593;91;22;28;26;1
21619;591;181;22;28;26;1
21621;591;211;22;28;26;1
21624;589;391;22;28;26;1
21628;589;421;22;28;26;1
21629;589;451;22;28;26;1
21634;577;571;22;28;26;1
21636;1;609;22;28;26;1
21638;25;609;22;28;26;1
21643;49;609;22;28;26;1
21644;73;601;22;28;26;1
21646;97;601;22;28;26;1
21647;121;601;22;28;26;1
21648;145;601;22;28;26;1
21650;169;601;22;28;26;1
21652;193;601;22;28;26;1
21653;217;601;22;28;26;1
21654;241;601;22;28;26;1
21657;265;601;22;28;26;1
21658;289;601;22;28;26;1
21667;313;601;22;28;26;1
21670;337;601;22;28;26;1
21671;361;601;22;28;26;1
21672;385;601;22;28;26;1
21673;409;601;22;28;26;1
21674;433;601;22;28;26;1
21676;457;601;22;28;26;1
21679;481;601;22;28;26;1
21681;505;601;22;28;26;1
21683;529;601;22;28;26;1
21688;553;601;22;28;26;1
21691;577;601;22;28;26;1
21693;601;301;22;28;26;1
21695;615;121;22;28;26;1
21696;601;241;22;28;26;1
21697;611;361;22;28;26;1
21700;599;481;22;28;26;1
21702;599;541;22;28;26;1
21703;617;1;22;28;26;1
21704;613;271;22;28;26;1
21705;617;151;22;28;26;1
21709;617;331;22;28;26;1
21710;613;511;22;28;26;1
21712;617;31;22;28;26;1
21713;617;61;22;28;26;1
21714;617;91;22;28;26;1
21716;615;181;22;28;26;1
21719;615;211;22;28;26;1
21725;613;391;22;28;26;1
21727;613;421;22;28;26;1
21733;613;451;22;28;26;1
21734;601;571;22;28;26;1
21735;601;601;22;28;26;1
21736;1;639;22;28;26;1
21737;25;639;22;28;26;1
21738;49;639;22;28;26;1
21741;73;631;22;28;26;1
21742;97;631;22;28;26;1
21746;121;631;22;28;26;1
21754;145;631;22;28;26;1
21756;169;631;22;28;26;1
21757;193;631;22;28;26;1
21761;217;631;22;28;26;1
21767;241;631;22;28;26;1
21769;265;631;22;28;26;1
21776;289;631;22;28;26;1
21780;313;631;22;28;26;1
21796;337;631;22;28;26;1
21799;361;631;22;28;26;1
21804;385;631;22;28;26;1
21806;409;631;22;28;26;1
21807;433;631;22;28;26;1
21809;457;631;22;28;26;1
21822;481;631;22;28;26;1
21827;505;631;22;28;26;1
21828;529;631;22;28;26;1
21830;553;631;22;28;26;1
21834;577;631;22;28;26;1
21845;601;631;22;28;26;1
21852;625;301;22;28;26;1
21857;639;121;22;28;26;1
21861;625;241;22;28;26;1
21862;635;361;22;28;26;1
21863;623;481;22;28;26;1
21866;623;541;22;28;26;1
21872;641;1;22;28;26;1
21877;637;271;22;28;26;1
21879;641;151;22;28;26;1
21880;641;331;22;28;26;1
21884;637;511;22;28;26;1
21886;641;31;22;28;26;1
21890;641;61;22;28;26;1
21891;641;91;22;28;26;1
21892;639;181;22;28;26;1
21895;639;211;22;28;26;1
21897;637;391;22;28;26;1
21898;637;421;22;28;26;1
21899;637;451;22;28;26;1
21903;625;571;22;28;26;1
21908;625;601;22;28;26;1
21912;625;631;22;28;26;1
21913;649;301;22;28;26;1
21916;663;121;22;28;26;1
21917;649;241;22;28;26;1
21927;659;361;22;28;26;1
21939;647;481;22;28;26;1
21941;647;541;22;28;26;1
21943;665;1;22;28;26;1
21947;661;271;22;28;26;1
21949;665;151;22;28;26;1
21957;665;331;22;28;26;1
21968;661;511;22;28;26;1
21970;665;31;22;28;26;1
21971;665;61;22;28;26;1
21974;665;91;22;28;26;1
21980;663;181;22;28;26;1
21981;663;211;22;28;26;1
21985;661;391;22;28;26;1
21990;661;421;22;28;26;1
21992;661;451;22;28;26;1
21996;649;571;22;28;26;1
21999;649;601;22;28;26;1
22007;649;631;22;28;26;1
22013;1;669;22;28;26;1
22016;25;669;22;28;26;1
22017;49;669;22;28;26;1
22024;73;661;22;28;26;1
22025;97;661;22;28;26;1
22030;121;661;22;28;26;1
22040;145;661;22;28;26;1
22043;169;661;22;28;26;1
22046;193;661;22;28;26;1
22047;217;661;22;28;26;1
22051;241;661;22;28;26;1
22065;265;661;22;28;26;1
22066;289;661;22;28;26;1
22068;313;661;22;28;26;1
22070;337;661;22;28;26;1
22075;361;661;22;28;26;1
22079;385;661;22;28;26;1
22094;409;661;22;28;26;1
22103;433;661;22;28;26;1
22108;457;661;22;28;26;1
22114;481;661;22;28;26;1
22120;505;661;22;28;26;1
22121;529;661;22;28;26;1
22122;553;661;22;28;26;1
22123;577;661;22;28;26;1
22124;601;661;22;28;26;1
22134;625;661;22;28;26;1
22139;649;661;22;28;26;1
22140;673;301;22;28;26;1
22158;687;121;22;28;26;1
22159;673;241;22;28;26;1
22163;683;361;22;28;26;1
22179;671;481;22;28;26;1
22191;671;541;22;28;26;1
22199;689;1;22;28;26;1
22204;685;271;22;28;26;1
22218;689;151;22;28;26;1
22228;689;331;22;28;26;1
22234;685;511;20;28;26;3
22235;689;31;20;28;26;3
22238;689;61;20;28;26;3
22240;689;91;22;28;26;1
22242;687;181;22;28;26;1
22244;687;211;20;28;26;3
22253;685;391;20;28;26;3
22256;685;421;22;28;26;1
22260;685;451;22;28;26;1
22266;673;571;22;28;26;1
22269;673;601;22;28;26;1
22270;673;631;22;28;26;1
22275;673;661;22;28;26;1
22278;1;699;22;28;26;1
22280;25;699;22;28;26;1
22303;49;699;22;28;26;1
22307;73;691;22;28;26;1
22312;97;691;22;28;26;1
22320;121;691;22;28;26;1
22330;145;691;22;28;26;1
22334;169;691;22;28;26;1
22343;193;691;22;28;26;1
22346;217;691;22;28;26;1
22350;241;691;22;28;26;1
22351;265;691;22;28;26;1
22352;289;691;22;28;26;1
22353;313;691;22;28;26;1
22359;337;691;22;28;26;1
22362;361;691;22;28;26;1
22363;385;691;22;28;26;1
22367;409;691;22;28;26;1
22368;433;691;22;28;26;1
22369;457;691;22;28;26;1
22374;481;691;22;28;26;1
22376;505;691;22;28;26;1
22402;529;691;22;28;26;1
22403;553;691;22;28;26;1
22411;577;691;22;28;26;1
22418;601;691;22;28;26;1
22434;625;691;22;28;26;1
22443;649;691;22;28;26;1
22446;673;691;22;28;26;1
22467;697;301;22;28;26;1
22475;711;121;22;28;26;1
22478;697;241;22;28;26;1
22495;695;481;22;28;26;1
22521;695;541;22;28;26;1
22522;713;1;22;28;26;1
22530;709;211;22;28;26;1
22534;709;271;22;28;26;1
22549;713;331;22;28;26;1
22561;707;511;22;28;26;1
22570;713;31;22;28;26;1
22580;711;181;22;28;26;1
22581;711;61;22;28;26;1
22604;713;151;22;28;26;1
22609;713;91;22;28;26;1
22612;709;361;22;28;26;1
22616;707;391;22;28;26;1
22622;709;421;22;28;26;1
22635;709;451;22;28;26;1
22659;697;571;22;28;26;1
22661;697;601;22;28;26;1
22675;697;631;22;28;26;1
22681;697;661;22;28;26;1
22686;697;691;22;28;26;1
22696;1;729;22;28;26;1
22721;25;729;22;28;26;1
22741;49;729;22;28;26;1
22756;73;721;22;28;26;1
22763;97;721;22;28;26;1
22764;121;721;22;28;26;1
22766;145;721;22;28;26;1
22768;169;721;22;28;26;1
22771;193;721;22;28;26;1
22774;217;721;22;28;26;1
22788;241;721;22;28;26;1
22791;265;721;22;28;26;1
22793;289;721;22;28;26;1
22797;313;721;22;28;26;1
22799;337;721;22;28;26;1
22805;361;721;22;28;26;1
22806;385;721;22;28;26;1
22810;409;721;22;28;26;1
22812;433;721;22;28;26;1
22815;457;721;22;28;26;1
22823;481;721;22;28;26;1
22825;505;721;22;28;26;1
22826;529;721;22;28;26;1
22827;553;721;22;28;26;1
22830;577;721;22;28;26;1
22833;601;721;22;28;26;1
22836;625;721;22;28;26;1
22840;649;721;22;28;26;1
22841;673;721;22;28;26;1
22842;697;721;22;28;26;1
22855;721;241;22;28;26;1
22856;721;301;22;28;26;1
22857;735;61;22;28;26;1
22859;735;121;22;28;26;1
22863;731;391;22;28;26;1
22868;719;481;22;28;26;1
22870;719;541;22;28;26;1
22871;733;211;22;28;26;1
22882;733;271;22;28;26;1
22885;737;1;22;28;26;1
22899;737;91;22;28;26;1
22900;733;361;22;28;26;1
22902;731;511;22;28;26;1
22904;735;181;22;28;26;1
22905;737;31;22;28;26;1
22909;737;331;22;28;26;1
22914;737;151;22;28;26;1
22916;733;421;22;28;26;1
22918;733;451;22;28;26;1
22919;721;571;22;28;26;1
22920;721;601;22;28;26;1
22925;721;631;22;28;26;1
22930;721;661;22;28;26;1
22934;721;691;22;28;26;1
22937;721;721;22;28;26;1
22942;1;759;22;28;26;1
22948;25;759;22;28;26;1
22949;49;759;22;28;26;1
22952;73;751;22;28;26;1
22969;97;751;22;28;26;1
22982;121;751;22;28;26;1
22987;145;751;22;28;26;1
22992;169;751;22;28;26;1
22993;193;751;22;28;26;1
22995;217;751;22;28;26;1
22996;241;751;22;28;26;1
23004;265;751;22;28;26;1
23016;289;751;22;28;26;1
23020;313;751;22;28;26;1
23036;337;751;22;28;26;1
23039;361;751;22;28;26;1
23041;385;751;22;28;26;1
23043;409;751;22;28;26;1
23047;433;751;22;28;26;1
23064;457;751;22;28;26;1
23068;481;751;22;28;26;1
23089;505;751;22;28;26;1
23110;529;751;22;28;26;1
23130;553;751;22;28;26;1
23146;577;751;22;28;26;1
23156;601;751;22;28;26;1
23194;625;751;22;28;26;1
23218;649;751;22;28;26;1
23234;673;751;22;28;26;1
23241;697;751;22;28;26;1
23244;721;751;22;28;26;1
23265;745;241;22;28;26;1
23273;759;61;22;28;26;1
23305;745;301;22;28;26;1
23330;759;121;22;28;26;1
23376;755;391;22;28;26;1
23380;743;481;22;28;26;1
23381;743;541;22;28;26;1
23383;757;211;22;28;26;1
23384;761;1;22;28;26;1
23385;757;271;22;28;26;1
23389;761;91;22;28;26;1
23394;757;361;22;28;26;1
23395;755;511;22;28;26;1
23396;759;181;22;28;26;1
23398;761;31;22;28;26;1
23401;761;331;22;28;26;1
23404;761;151;22;28;26;1
23408;757;421;22;28;26;1
23413;757;451;22;28;26;1
23421;745;571;22;28;26;1
23425;745;601;22;28;26;1
23427;745;631;22;28;26;1
23429;745;661;22;28;26;1
23431;745;691;22;28;26;1
23432;745;721;22;28;26;1
23433;745;751;22;28;26;1
23436;769;241;22;28;26;1
23439;783;61;22;28;26;1
23445;769;301;22;28;26;1
23447;783;121;22;28;26;1
23448;779;391;22;28;26;1
23449;767;481;22;28;26;1
23450;767;541;22;28;26;1
23451;781;211;22;28;26;1
23452;785;1;22;28;26;1
23453;781;271;22;28;26;1
23454;785;91;22;28;26;1
23456;781;361;22;28;26;1
23457;779;511;22;28;26;1
23458;783;181;22;28;26;1
23459;785;31;22;28;26;1
23460;785;331;22;28;26;1
23467;785;151;22;28;26;1
23472;781;421;22;28;26;1
23475;781;451;22;28;26;1
23476;769;571;22;28;26;1
23478;769;601;22;28;26;1
23481;769;631;22;28;26;1
23485;769;661;22;28;26;1
23486;769;691;22;28;26;1
23487;769;721;22;28;26;1
23490;769;751;22;28;26;1
23492;1;789;22;28;26;1
23494;25;789;22;28;26;1
23500;49;789;22;28;26;1
23504;73;781;22;28;26;1
23506;97;781;22;28;26;1
23507;121;781;22;28;26;1
23517;145;781;22;28;26;1
23518;169;781;22;28;26;1
23519;193;781;22;28;26;1
23521;217;781;22;28;26;1
23528;241;781;22;28;26;1
23536;265;781;22;28;26;1
23544;289;781;22;28;26;1
23545;313;781;22;28;26;1
23547;337;781;22;28;26;1
23548;361;781;22;28;26;1
23551;385;781;22;28;26;1
23553;409;781;22;28;26;1
23556;433;781;22;28;26;1
23558;457;781;22;28;26;1
23562;481;781;22;28;26;1
23567;505;781;22;28;26;1
23569;529;781;22;28;26;1
23572;553;781;22;28;26;1
23574;577;781;22;28;26;1
23576;601;781;22;28;26;1
23578;523;61;18;28;26;3
23581;625;781;22;28;26;1
23588;649;781;22;28;26;1
23596;673;781;22;28;26;1
23601;697;781;22;28;26;1
23604;721;781;22;28;26;1
23608;745;781;22;28;26;1
23610;769;781;22;28;26;1
23612;793;241;22;28;26;1
23613;807;61;22;28;26;1
23614;793;301;22;28;26;1
23615;807;121;22;28;26;1
23616;803;391;22;28;26;1
23617;791;481;22;28;26;1
23618;791;541;22;28;26;1
23621;805;211;22;28;26;1
23624;809;1;22;28;26;1
23625;805;271;22;28;26;1
23626;809;91;22;28;26;1
23627;805;361;22;28;26;1
23630;803;511;22;28;26;1
23631;807;181;22;28;26;1
23633;809;31;22;28;26;1
23637;809;331;22;28;26;1
23646;809;151;22;28;26;1
23649;805;421;22;28;26;1
23653;805;451;22;28;26;1
23665;523;91;18;28;26;3
23679;793;571;22;28;26;1
23681;793;601;20;28;26;1
23682;793;631;20;28;26;3
23700;793;661;22;28;26;1
23703;523;121;18;28;26;3
23707;793;691;22;28;26;1
23721;793;721;22;28;26;1
23725;793;751;22;28;26;1
23736;793;781;22;28;26;1
23789;1;819;22;28;26;1
23792;25;819;22;28;26;1
23803;49;819;22;28;26;1
23815;73;811;22;28;26;1
23830;97;811;22;28;26;1
23849;121;811;20;28;26;1
23853;143;811;22;28;26;1
23869;167;811;22;28;26;1
23884;191;811;22;28;26;1
24005;215;811;22;28;26;1
24033;239;811;22;28;26;1
24034;263;811;22;28;26;1
24037;287;811;22;28;26;1
24038;311;811;22;28;26;1
24039;335;811;22;28;26;1
24040;359;811;20;28;26;3
24043;381;811;22;28;26;1
24046;405;811;22;28;26;1
24049;429;811;20;28;26;3
24050;451;811;20;28;26;3
24052;473;811;20;28;26;3
24055;495;811;22;28;26;1
24062;519;811;18;28;26;3
24065;539;811;22;28;26;1
24066;563;811;22;28;26;1
24067;587;811;22;28;26;1
24069;611;811;22;28;26;1
24070;635;811;22;28;26;1
24072;659;811;22;28;26;1
24076;683;811;22;28;26;1
24085;707;811;22;28;26;1
24088;731;811;22;28;26;1
24090;755;811;22;28;26;1
24093;779;811;22;28;26;1
24102;803;811;22;28;26;1
24103;817;241;22;28;26;1
24109;831;61;22;28;26;1
24110;817;301;22;28;26;1
24119;831;121;22;28;26;1
24120;827;391;22;28;26;1
24125;815;481;22;28;26;1
24133;815;541;22;28;26;1
24149;829;211;22;28;26;1
24178;833;1;22;28;26;1
24179;829;271;22;28;26;1
24180;833;91;22;28;26;1
24182;829;361;22;28;26;1
24184;827;511;22;28;26;1
24186;831;181;20;28;26;3
24187;833;31;22;28;26;1
24188;833;331;22;28;26;1
24189;833;151;22;28;26;1
24191;829;421;22;28;26;1
24196;829;451;22;28;26;1
24198;827;571;22;28;26;1
24199;827;601;22;28;26;1
24202;815;631;22;28;26;1
24207;827;661;22;28;26;1
24211;827;691;22;28;26;1
24212;827;721;22;28;26;1
24213;827;751;22;28;26;1
24215;817;781;22;28;26;1
24217;827;811;22;28;26;1
24220;1;849;22;28;26;1
24222;25;849;22;28;26;1
24223;49;849;22;28;26;1
24230;73;841;22;28;26;1
24231;97;841;22;28;26;1
24237;121;841;22;28;26;1
24247;145;841;22;28;26;1
24248;169;841;22;28;26;1
24265;193;841;22;28;26;1
24266;217;841;22;28;26;1
24275;241;841;22;28;26;1
24310;265;841;22;28;26;1
24311;289;841;22;28;26;1
24314;313;841;22;28;26;1
24320;337;841;22;28;26;1
24322;361;841;22;28;26;1
24323;385;841;22;28;26;1
24324;409;841;22;28;26;1
24330;433;841;22;28;26;1
24331;457;841;22;28;26;1
24335;481;841;22;28;26;1
24341;505;841;18;28;26;3
24343;525;841;22;28;26;1
24351;549;841;22;28;26;1
24352;573;841;22;28;26;1
24357;597;841;22;28;26;1
24358;621;841;22;28;26;1
24367;645;841;22;28;26;1
24369;669;841;22;28;26;1
24377;693;841;22;28;26;1
24378;717;841;22;28;26;1
24402;741;841;22;28;26;1
24403;765;841;18;28;26;3
24405;785;841;22;28;26;1
24407;809;841;22;28;26;1
24418;833;841;22;28;26;1
24425;841;241;22;28;26;1
24432;855;61;22;28;26;1
24433;841;301;22;28;26;1
24441;855;121;22;28;26;1
24443;851;391;22;28;26;1
24444;839;481;22;28;26;1
24448;839;541;22;28;26;1
24449;839;631;22;28;26;1
24452;841;781;22;28;26;1
24453;857;1;22;28;26;1
24456;853;271;22;28;26;1
24458;857;91;22;28;26;1
24459;857;151;22;28;26;1
24466;853;361;22;28;26;1
24471;851;511;22;28;26;1
24472;851;811;22;28;26;1
24473;857;31;22;28;26;1
24481;857;331;22;28;26;1
24490;857;841;22;28;26;1
24494;853;181;22;28;26;1
24503;853;211;22;28;26;1
24509;853;421;22;28;26;1
24515;853;451;22;28;26;1
24517;851;571;22;28;26;1
24518;851;601;22;28;26;1
24524;851;661;22;28;26;1
24525;851;691;22;28;26;1
24527;851;721;22;28;26;1
24534;851;751;22;28;26;1
24535;1;879;22;28;26;1
24536;25;879;22;28;26;1
24537;49;879;22;28;26;1
24544;73;871;22;28;26;1
24551;97;871;22;28;26;1
24554;121;871;22;28;26;1
24555;145;871;22;28;26;1
24561;169;871;22;28;26;1
24565;193;871;22;28;26;1
24573;217;871;22;28;26;1
24576;241;871;22;28;26;1
24577;265;871;22;28;26;1
24578;289;871;22;28;26;1
24590;313;871;22;28;26;1
24594;337;871;22;28;26;1
24597;361;871;22;28;26;1
24598;385;871;22;28;26;1
24604;409;871;22;28;26;1
24605;433;871;22;28;26;1
24608;457;871;22;28;26;1
24609;481;871;22;28;26;1
24613;505;871;22;28;26;1
24614;529;871;22;28;26;1
24615;553;871;22;28;26;1
24616;577;871;22;28;26;1
24618;601;871;22;28;26;1
24623;625;871;22;28;26;1
24635;649;871;22;28;26;1
24651;673;871;22;28;26;1
24653;697;871;22;28;26;1
24656;721;871;22;28;26;1
24658;745;871;22;28;26;1
24661;769;871;22;28;26;1
24665;793;871;22;28;26;1
24674;817;871;22;28;26;1
24680;841;871;22;28;26;1
24681;879;121;22;28;26;1
24685;879;61;22;28;26;1
24687;865;301;22;28;26;1
24688;865;241;22;28;26;1
24691;875;391;22;28;26;1
24694;863;481;22;28;26;1
24700;863;541;22;28;26;1
24703;863;631;22;28;26;1
24708;865;781;22;28;26;1
24713;881;1;22;28;26;1
24724;881;91;22;28;26;1
24730;877;271;22;28;26;1
24735;881;151;22;28;26;1
24736;877;361;22;28;26;1
24739;875;511;22;28;26;1
24742;875;811;22;28;26;1
24744;881;31;22;28;26;1
24748;881;331;22;28;26;1
24751;881;841;22;28;26;1
24754;877;181;22;28;26;1
24764;877;211;22;28;26;1
24773;877;421;22;28;26;1
24778;877;451;22;28;26;1
24785;875;571;22;28;26;1
24789;875;601;22;28;26;1
24794;875;661;22;28;26;1
24796;875;691;22;28;26;1
24800;875;721;22;28;26;1
24806;875;751;22;28;26;1
24807;865;871;22;28;26;1
24808;903;121;22;28;26;1
24809;903;61;22;28;26;1
24811;889;301;22;28;26;1
24812;889;241;22;28;26;1
24815;899;391;22;28;26;1
24816;887;481;22;28;26;1
24819;887;541;22;28;26;1
24825;887;631;22;28;26;1
24826;889;781;22;28;26;1
24833;905;1;22;28;26;1
24840;905;91;22;28;26;1
24841;901;271;22;28;26;1
24847;905;151;22;28;26;1
24858;901;361;22;28;26;1
24863;899;511;22;28;26;1
24867;899;811;22;28;26;1
24868;905;31;22;28;26;1
24871;905;331;22;28;26;1
24895;905;841;22;28;26;1
24904;901;181;22;28;26;1
24908;901;211;22;28;26;1
24910;901;421;22;28;26;1
24917;901;451;22;28;26;1
24930;899;571;22;28;26;1
24935;899;601;22;28;26;1
24936;899;661;22;28;26;1
24944;899;691;22;28;26;1
24951;899;721;22;28;26;1
24971;899;751;22;28;26;1
24974;889;871;22;28;26;1
25000;1;909;22;28;26;1
25001;25;909;22;28;26;1
25022;49;909;22;28;26;1
25026;73;901;22;28;26;1
25032;97;901;22;28;26;1
25033;121;901;22;28;26;1
25042;145;901;22;28;26;1
25062;169;901;22;28;26;1
25096;193;901;22;28;26;1
25097;217;901;20;28;26;3
25100;239;901;22;28;26;1
25103;263;901;22;28;26;1
25104;287;901;22;28;26;1
25105;311;901;22;28;26;1
25106;335;901;22;28;26;1
25110;359;901;22;28;26;1
25112;383;901;22;28;26;1
25115;407;901;22;28;26;1
25130;431;901;22;28;26;1
25139;455;901;22;28;26;1
25140;479;901;22;28;26;1
25143;503;901;22;28;26;1
25151;527;901;22;28;26;1
25152;551;901;22;28;26;1
25153;575;901;22;28;26;1
25159;599;901;22;28;26;1
25161;623;901;22;28;26;1
25163;647;901;22;28;26;1
25164;503;451;8;28;26;1
25165;671;901;22;28;26;1
25166;695;901;22;28;26;1
25169;719;901;22;28;26;1
25170;743;901;22;28;26;1
25171;767;901;22;28;26;1
25172;791;901;22;28;26;1
25176;815;901;22;28;26;1
25179;839;901;22;28;26;1
25187;863;901;22;28;26;1
25191;887;901;22;28;26;1
25193;927;121;22;28;26;1
25195;927;61;22;28;26;1
25196;913;301;22;28;26;1
25197;913;241;22;28;26;1
25198;923;391;22;28;26;1
25199;911;481;22;28;26;1
25200;911;541;22;28;26;1
25203;911;631;22;28;26;1
25206;913;781;22;28;26;1
25209;929;1;22;28;26;1
25212;929;91;22;28;26;1
25214;925;271;22;28;26;1
25215;929;151;22;28;26;1
25216;925;361;22;28;26;1
25220;923;511;22;28;26;1
25225;923;811;22;28;26;1
25226;929;31;22;28;26;1
25233;929;331;22;28;26;1
25235;929;841;22;28;26;1
25237;925;181;22;28;26;1
25238;925;211;22;28;26;1
25239;925;421;22;28;26;1
25240;925;451;22;28;26;1
25242;923;571;22;28;26;1
25243;923;601;22;28;26;1
25246;923;661;22;28;26;1
25248;923;691;22;28;26;1
25250;923;721;22;28;26;1
25252;923;751;22;28;26;1
25253;911;901;22;28;26;1
25259;913;871;22;28;26;1
25260;1;939;22;28;26;1
25265;25;939;22;28;26;1
25269;49;939;22;28;26;1
25273;73;931;22;28;26;1
25276;97;931;22;28;26;1
25277;121;931;22;28;26;1
25279;145;931;22;28;26;1
25282;169;931;22;28;26;1
25285;193;931;22;28;26;1
25286;217;931;22;28;26;1
25287;241;931;22;28;26;1
25289;265;931;22;28;26;1
25292;289;931;22;28;26;1
25293;313;931;22;28;26;1
25294;337;931;22;28;26;1
25296;361;931;22;28;26;1
25298;385;931;22;28;26;1
25299;409;931;22;28;26;1
25300;433;931;22;28;26;1
25302;457;931;22;28;26;1
25303;481;931;22;28;26;1
25304;505;931;22;28;26;1
25305;529;931;22;28;26;1
25307;553;931;22;28;26;1
25308;577;931;22;28;26;1
25311;601;931;22;28;26;1
25314;625;931;22;28;26;1
25317;649;931;22;28;26;1
25318;673;931;22;28;26;1
25319;697;931;22;28;26;1
25320;721;931;22;28;26;1
25321;745;931;22;28;26;1
25324;769;931;22;28;26;1
25325;793;931;22;28;26;1
25327;817;931;22;28;26;1
25329;841;931;22;28;26;1
25331;865;931;22;28;26;1
25335;889;931;22;28;26;1
25340;913;931;22;28;26;1
25341;951;121;22;28;26;1
25342;951;61;22;28;26;1
25343;937;301;22;28;26;1
25345;937;241;22;28;26;1
25346;947;391;22;28;26;1
25351;935;481;22;28;26;1
25353;935;541;22;28;26;1
25361;935;631;22;28;26;1
25366;937;781;22;28;26;1
25370;935;901;22;28;26;1
25375;953;1;22;28;26;1
25376;953;91;22;28;26;1
25377;949;271;22;28;26;1
25379;953;151;22;28;26;1
25380;949;361;22;28;26;1
25381;947;511;22;28;26;1
25384;947;811;22;28;26;1
25386;937;871;22;28;26;1
25391;953;31;22;28;26;1
25402;953;331;22;28;26;1
25405;953;841;22;28;26;1
25410;949;181;22;28;26;1
25413;949;211;22;28;26;1
25414;949;421;22;28;26;1
25417;949;451;22;28;26;1
25421;947;571;22;28;26;1
25422;947;601;22;28;26;1
25423;947;661;22;28;26;1
25424;947;691;22;28;26;1
25429;947;721;22;28;26;1
25438;947;751;22;28;26;1
25439;937;931;22;28;26;1
25441;1;969;22;28;26;1
25442;25;969;22;28;26;1
25443;49;969;22;28;26;1
25447;73;961;22;28;26;1
25454;97;961;22;28;26;1
25462;121;961;22;28;26;1
25463;145;961;22;28;26;1
25466;169;961;22;28;26;1
25472;193;961;22;28;26;1
25480;217;961;22;28;26;1
25481;241;961;22;28;26;1
25484;265;961;22;28;26;1
25487;289;961;22;28;26;1
25488;313;961;22;28;26;1
25490;337;961;22;28;26;1
25494;361;961;22;28;26;1
25496;385;961;22;28;26;1
25504;409;961;22;28;26;1
25506;433;961;22;28;26;1
25507;457;961;22;28;26;1
25509;481;961;22;28;26;1
25511;505;961;22;28;26;1
25512;529;961;22;28;26;1
25513;553;961;22;28;26;1
25514;577;961;22;28;26;1
25520;601;961;22;28;26;1
25527;625;961;22;28;26;1
25528;649;961;22;28;26;1
25530;673;961;22;28;26;1
25545;697;961;22;28;26;1
25549;721;961;22;28;26;1
25551;745;961;22;28;26;1
25552;769;961;22;28;26;1
25554;793;961;22;28;26;1
25569;817;961;22;28;26;1
25578;841;961;22;28;26;1
25581;865;961;22;28;26;1
25588;889;961;22;28;26;1
25597;913;961;22;28;26;1
25600;937;961;22;28;26;1
25601;975;121;22;28;26;1
25605;975;61;22;28;26;1
25613;961;301;22;28;26;1
25615;961;241;22;28;26;1
25619;971;391;22;28;26;1
25628;959;481;22;28;26;1
25630;959;541;22;28;26;1
25644;959;631;22;28;26;1
25645;961;781;22;28;26;1
25658;959;901;22;28;26;1
25668;977;1;22;28;26;1
25670;977;91;22;28;26;1
25671;973;271;22;28;26;1
25674;977;151;22;28;26;1
25684;973;361;22;28;26;1
25688;971;511;22;28;26;1
25694;971;811;22;28;26;1
25703;961;871;22;28;26;1
25705;977;31;22;28;26;1
25720;977;331;22;28;26;1
25721;977;841;22;28;26;1
25730;973;181;22;28;26;1
25735;973;211;22;28;26;1
25745;973;421;22;28;26;1
25746;973;451;22;28;26;1
25749;971;571;22;28;26;1
25758;971;601;22;28;26;1
25764;971;661;22;28;26;1
25769;971;691;22;28;26;1
25772;971;721;22;28;26;1
25773;971;751;22;28;26;1
25774;961;931;22;28;26;1
25776;961;961;22;28;26;1
25788;1;999;22;28;26;1
25794;25;999;22;28;26;1
25797;49;999;22;28;26;1
25802;73;991;22;28;26;1
25805;97;991;22;28;26;1
25806;121;991;22;28;26;1
25810;145;991;22;28;26;1
25830;169;991;22;28;26;1
25856;193;991;22;28;26;1
25874;217;991;22;28;26;1
25893;241;991;22;28;26;1
25903;265;991;22;28;26;1
25910;289;991;22;28;26;1
25913;313;991;22;28;26;1
25915;337;991;22;28;26;1
25918;361;991;22;28;26;1
25919;385;991;22;28;26;1
25925;409;991;22;28;26;1
25928;433;991;22;28;26;1
25932;457;991;22;28;26;1
25935;481;991;22;28;26;1
25937;505;991;22;28;26;1
25945;529;991;22;28;26;1
25950;553;991;22;28;26;1
25954;577;991;22;28;26;1
25955;601;991;22;28;26;1
25964;625;991;22;28;26;1
25968;649;991;22;28;26;1
25970;673;991;22;28;26;1
25972;697;991;22;28;26;1
25975;721;991;22;28;26;1
25991;745;991;22;28;26;1
26000;769;991;22;28;26;1
26001;793;991;22;28;26;1
26003;817;991;22;28;26;1
26007;841;991;22;28;26;1
26009;865;991;22;28;26;1
26012;889;991;22;28;26;1
26020;913;991;22;28;26;1
26021;937;991;22;28;26;1
26023;961;991;22;28;26;1
26025;999;121;22;28;26;1
26029;999;61;22;28;26;1
26031;985;301;22;28;26;1
26032;985;241;22;28;26;1
26041;995;391;22;28;26;1
26045;983;481;22;28;26;1
26049;983;541;22;28;26;1
26053;983;631;22;28;26;1
26059;985;781;22;28;26;1
26063;983;901;22;28;26;1
26071;1001;1;22;28;26;1
26080;1001;91;22;28;26;1
26082;997;271;22;28;26;1
26085;997;361;18;28;26;3
26086;995;511;20;28;26;3
26087;995;811;20;28;26;3
26089;1001;151;22;28;26;1
26097;985;871;22;28;26;1
26102;1001;31;22;28;26;1
26103;1001;331;22;28;26;1
26106;1001;841;22;28;26;1
26114;997;181;22;28;26;1
26126;997;211;22;28;26;1
26127;997;421;20;28;26;3
26131;997;451;22;28;26;1
26132;995;571;22;28;26;1
26143;995;601;22;28;26;1
26144;995;661;22;28;26;1
26149;995;691;22;28;26;1
26151;995;721;22;28;26;1
26152;995;751;22;28;26;1
26157;985;931;22;28;26;1
26159;985;961;22;28;26;1
26172;985;991;22;28;26;1
26174;1023;121;22;28;26;1
26178;1023;61;22;28;26;1
26179;1009;301;22;28;26;1
26194;1017;361;22;28;26;1
26195;1009;241;22;28;26;1
26197;1007;481;22;28;26;1
26198;1007;541;22;28;26;1
26202;1007;631;22;28;26;1
26212;1009;781;22;28;26;1
26216;1007;901;22;28;26;1
26222;1025;1;22;28;26;1
26223;1025;91;22;28;26;1
26224;1025;331;22;28;26;1
26228;1021;271;22;28;26;1
26230;1025;151;22;28;26;1
26234;1017;511;22;28;26;1
26238;1017;811;22;28;26;1
26242;1009;871;22;28;26;1
26247;1025;31;22;28;26;1
26257;1025;841;22;28;26;1
26262;1021;181;22;28;26;1
26263;1021;211;22;28;26;1
26292;1021;391;22;28;26;1
26332;1019;421;22;28;26;1
26333;1021;451;22;28;26;1
26354;1019;571;20;28;26;3
26355;1019;601;22;28;26;1
26356;1019;661;22;28;26;1
26360;1019;691;22;28;26;1
26361;1019;721;22;28;26;1
26366;1019;751;22;28;26;1
26367;1009;931;22;28;26;1
26368;1009;961;22;28;26;1
26376;1009;991;20;28;26;1
26377;1;1029;22;28;26;1
26379;25;1029;22;28;26;1
26381;49;1029;22;28;26;1
26388;73;1021;22;28;26;1
26391;97;1021;20;28;26;3
26395;119;1021;22;28;26;1
26397;143;1021;22;28;26;1
26399;167;1021;22;28;26;1
26406;191;1021;22;28;26;1
26408;215;1021;22;28;26;1
26410;239;1021;22;28;26;1
26411;263;1021;22;28;26;1
26412;287;1021;22;28;26;1
26415;311;1021;22;28;26;1
26417;335;1021;22;28;26;1
26420;359;1021;22;28;26;1
26421;383;1021;22;28;26;1
26426;407;1021;22;28;26;1
26432;431;1021;22;28;26;1
26434;455;1021;22;28;26;1
26435;479;1021;22;28;26;1
26438;503;1021;22;28;26;1
26441;527;1021;22;28;26;1
26446;551;1021;22;28;26;1
26448;575;1021;22;28;26;1
26449;599;1021;22;28;26;1
26454;623;1021;22;28;26;1
26460;647;1021;22;28;26;1
26463;671;1021;22;28;26;1
26465;695;1021;22;28;26;1
26469;719;1021;22;28;26;1
26479;743;1021;22;28;26;1
26480;767;1021;22;28;26;1
26485;791;1021;22;28;26;1
26494;815;1021;22;28;26;1
26495;839;1021;22;28;26;1
26497;863;1021;22;28;26;1
26500;887;1021;22;28;26;1
26505;911;1021;22;28;26;1
26512;935;1021;22;28;26;1
26517;959;1021;22;28;26;1
26519;983;1021;22;28;26;1
26522;1007;1021;22;28;26;1
26524;1033;301;22;28;26;1
26525;1047;121;22;28;26;1
26538;1047;61;22;28;26;1
26543;1033;241;22;28;26;1
26550;1041;361;22;28;26;1
26564;1031;481;22;28;26;1
26575;1043;421;22;28;26;1
26576;1031;541;22;28;26;1
26577;1031;631;22;28;26;1
26579;1033;781;22;28;26;1
26580;1031;901;22;28;26;1
26588;1049;1;22;28;26;1
26592;1049;91;22;28;26;1
26597;1045;271;22;28;26;1
26607;1049;151;22;28;26;1
26609;1049;331;22;28;26;1
26612;1045;391;22;28;26;1
26629;1045;451;22;28;26;1
26631;1041;511;22;28;26;1
26635;1041;571;22;28;26;1
26639;1041;811;22;28;26;1
26641;1033;871;22;28;26;1
26646;1049;31;22;28;26;1
26647;1043;601;22;28;26;1
26657;1049;841;22;28;26;1
26666;1045;181;22;28;26;1
26679;1045;211;22;28;26;1
26680;1043;661;22;28;26;1
26681;1043;691;22;28;26;1
26684;1043;721;22;28;26;1
26688;1043;751;22;28;26;1
26690;1033;931;22;28;26;1
26691;1033;961;22;28;26;1
26694;1031;991;22;28;26;1
26696;1031;1021;22;28;26;1
26700;1;1059;22;28;26;1
26705;25;1059;22;28;26;1
26723;49;1059;22;28;26;1
26725;73;1051;22;28;26;1
26728;97;1051;22;28;26;1
26729;121;1051;22;28;26;1
26742;145;1051;22;28;26;1
26757;169;1051;22;28;26;1
26775;193;1051;22;28;26;1
26786;217;1051;22;28;26;1
26790;241;1051;22;28;26;1
26792;265;1051;22;28;26;1
26797;289;1051;22;28;26;1
26799;313;1051;22;28;26;1
26800;337;1051;22;28;26;1
26803;361;1051;22;28;26;1
26816;385;1051;22;28;26;1
26825;409;1051;22;28;26;1
26827;433;1051;22;28;26;1
26829;457;1051;22;28;26;1
26834;481;1051;22;28;26;1
26837;505;1051;22;28;26;1
26840;529;1051;22;28;26;1
26842;553;1051;22;28;26;1
26857;577;1051;22;28;26;1
26862;601;1051;22;28;26;1
26865;625;1051;22;28;26;1
26869;649;1051;22;28;26;1
26885;673;1051;22;28;26;1
26893;697;1051;22;28;26;1
26898;721;1051;22;28;26;1
26908;745;1051;22;28;26;1
26925;769;1051;22;28;26;1
26928;793;1051;22;28;26;1
26970;817;1051;22;28;26;1
26974;841;1051;22;28;26;1
26989;865;1051;22;28;26;1
27004;889;1051;22;28;26;1
27005;913;1051;22;28;26;1
27010;937;1051;22;28;26;1
27028;961;1051;22;28;26;1
27036;985;1051;22;28;26;1
27048;1009;1051;22;28;26;1
27084;1033;1051;22;28;26;1
27096;1071;121;22;28;26;1
27122;1057;301;22;28;26;1
27133;1065;361;22;28;26;1
27169;1067;421;22;28;26;1
27178;1055;481;22;28;26;1
27185;1055;541;22;28;26;1
27207;1071;61;22;28;26;1
27224;1057;241;22;28;26;1
27225;1055;631;22;28;26;1
27233;1057;781;22;28;26;1
27249;1055;901;22;28;26;1
27280;1073;331;22;28;26;1
27308;1069;391;22;28;26;1
27424;1069;451;22;28;26;1
27425;1065;511;22;28;26;1
27426;1065;571;22;28;26;1
27427;1073;1;22;28;26;1
27431;1073;91;22;28;26;1
27442;1069;271;22;28;26;1
27450;1073;151;22;28;26;1
27454;1065;811;22;28;26;1
27463;1057;871;22;28;26;1
27465;1067;601;22;28;26;1
27468;1073;31;22;28;26;1
27490;1073;841;22;28;26;1
27491;1069;181;22;28;26;1
27492;1069;211;22;28;26;1
27493;1067;661;22;28;26;1
27494;1067;691;22;28;26;1
27495;1067;721;22;28;26;1
27498;1067;751;22;28;26;1
27513;1057;931;22;28;26;1
27515;1057;961;22;28;26;1
27530;1057;991;22;28;26;1
27531;1055;1021;22;28;26;1
27538;1057;1051;22;28;26;1
27542;1;1089;22;28;26;1
27572;25;1089;22;28;26;1
27573;49;1089;22;28;26;1
27575;73;1081;22;28;26;1
27583;97;1081;22;28;26;1
27585;121;1081;22;28;26;1
27589;145;1081;22;28;26;1
27595;169;1081;22;28;26;1
27597;193;1081;22;28;26;1
27599;217;1081;22;28;26;1
27602;241;1081;22;28;26;1
27604;265;1081;20;28;26;3
27605;287;1081;22;28;26;1
27609;311;1081;22;28;26;1
27611;335;1081;22;28;26;1
27617;359;1081;22;28;26;1
27627;383;1081;22;28;26;1
27631;407;1081;22;28;26;1
27663;431;1081;20;28;26;3
27665;453;1081;20;28;26;3
27667;475;1081;22;28;26;1
27668;499;1081;22;28;26;1
27675;523;1081;22;28;26;1
27683;547;1081;22;28;26;1
27687;571;1081;22;28;26;1
27700;595;1081;22;28;26;1
27704;619;1081;22;28;26;1
27713;643;1081;22;28;26;1
27714;667;1081;22;28;26;1
27719;691;1081;22;28;26;1
27721;715;1081;22;28;26;1
27735;739;1081;22;28;26;1
27741;763;1081;22;28;26;1
27744;787;1081;22;28;26;1
27745;811;1081;22;28;26;1
27748;835;1081;22;28;26;1
27754;859;1081;22;28;26;1
27760;883;1081;22;28;26;1
27762;907;1081;22;28;26;1
27769;931;1081;22;28;26;1
27773;955;1081;22;28;26;1
27779;979;1081;22;28;26;1
27785;1003;1081;22;28;26;1
27788;1027;1081;22;28;26;1
27791;1051;1081;22;28;26;1
27792;1089;361;22;28;26;1
27795;1091;421;22;28;26;1
27801;1079;481;22;28;26;1
27803;1079;541;22;28;26;1
27807;1081;301;22;28;26;1
27809;1095;121;22;28;26;1
27813;1095;61;22;28;26;1
27814;1081;241;22;28;26;1
27815;1079;631;22;28;26;1
27818;1081;781;22;28;26;1
27819;1079;901;22;28;26;1
27822;1079;1021;22;28;26;1
27827;1093;391;22;28;26;1
27832;1093;451;22;28;26;1
27833;1089;511;22;28;26;1
27835;1089;571;22;28;26;1
27836;1097;331;22;28;26;1
27838;1097;1;22;28;26;1
27839;1097;91;22;28;26;1
27844;1093;271;22;28;26;1
27849;1097;151;22;28;26;1
27850;1089;811;22;28;26;1
27861;1081;871;22;28;26;1
27867;1091;601;22;28;26;1
27873;1097;31;22;28;26;1
27874;1097;841;22;28;26;1
27875;1093;181;22;28;26;1
27877;1093;211;22;28;26;1
27880;1091;661;22;28;26;1
27882;1091;691;22;28;26;1
27888;1091;721;22;28;26;1
27891;1091;751;22;28;26;1
27899;1075;1081;22;28;26;1
27900;1081;1051;22;28;26;1
27901;1081;931;22;28;26;1
27905;1081;961;22;28;26;1
27915;1081;991;22;28;26;1
27922;1;1119;22;28;26;1
27927;25;1119;22;28;26;1
27931;49;1119;22;28;26;1
27934;73;1111;22;28;26;1
27941;97;1111;22;28;26;1
27946;121;1111;22;28;26;1
27954;145;1111;22;28;26;1
27963;169;1111;22;28;26;1
27964;193;1111;22;28;26;1
27965;217;1111;22;28;26;1
27966;241;1111;22;28;26;1
27969;265;1111;22;28;26;1
27973;289;1111;22;28;26;1
27974;313;1111;22;28;26;1
27975;337;1111;22;28;26;1
27978;361;1111;22;28;26;1
27979;385;1111;22;28;26;1
27982;409;1111;22;28;26;1
27983;433;1111;22;28;26;1
27985;457;1111;22;28;26;1
27987;481;1111;22;28;26;1
28009;505;1111;22;28;26;1
28010;529;1111;22;28;26;1
28014;553;1111;22;28;26;1
28020;577;1111;22;28;26;1
28023;601;1111;22;28;26;1
28024;625;1111;22;28;26;1
28034;649;1111;22;28;26;1
28040;673;1111;22;28;26;1
28044;697;1111;22;28;26;1
28046;721;1111;22;28;26;1
28053;745;1111;22;28;26;1
28059;769;1111;22;28;26;1
28063;793;1111;22;28;26;1
28065;817;1111;22;28;26;1
28068;841;1111;22;28;26;1
28070;865;1111;22;28;26;1
28072;889;1111;22;28;26;1
28073;913;1111;22;28;26;1
28082;937;1111;22;28;26;1
28088;961;1111;22;28;26;1
28101;985;1111;22;28;26;1
28102;1009;1111;22;28;26;1
28103;1033;1111;22;28;26;1
28107;1057;1111;22;28;26;1
28108;1081;1111;22;28;26;1
28113;1115;421;22;28;26;1
28120;1103;481;22;28;26;1
28129;1103;541;22;28;26;1
28132;1113;361;22;28;26;1
28140;1105;301;22;28;26;1
28145;1119;121;22;28;26;1
28147;1119;61;22;28;26;1
28151;1105;241;22;28;26;1
28153;1103;631;22;28;26;1
28155;1105;781;22;28;26;1
28165;1103;901;22;28;26;1
28168;1103;1021;22;28;26;1
28170;1099;1081;22;28;26;1
28173;1117;451;22;28;26;1
28176;1113;511;22;28;26;1
28183;1113;571;22;28;26;1
28192;1117;391;22;28;26;1
28193;1121;331;22;28;26;1
28195;1121;1;22;28;26;1
28201;1121;91;22;28;26;1
28212;1117;271;22;28;26;1
28216;1121;151;22;28;26;1
28218;1113;811;22;28;26;1
28246;1105;871;22;28;26;1
28251;1105;1051;22;28;26;1
28270;1115;601;22;28;26;1
28287;1121;31;22;28;26;1
28291;1121;841;22;28;26;1
28293;1117;181;22;28;26;1
28304;1117;211;22;28;26;1
28316;1115;661;22;28;26;1
28322;1115;691;22;28;26;1
28340;1115;721;22;28;26;1
28342;1115;751;22;28;26;1
28363;1105;1111;22;28;26;1
28369;1105;931;22;28;26;1
28371;1105;961;22;28;26;1
28372;1105;991;22;28;26;1
28378;1127;481;22;28;26;1
28382;1127;541;22;28;26;1
28385;1139;421;22;28;26;1
28388;1137;361;22;28;26;1
28389;1129;301;22;28;26;1
28393;1143;121;22;28;26;1
28404;1143;61;22;28;26;1
28418;1129;241;22;28;26;1
28422;1127;631;22;28;26;1
28425;1129;781;22;28;26;1
28431;1123;1081;22;28;26;1
28436;1127;901;22;28;26;1
28448;1127;1021;22;28;26;1
28457;1137;511;22;28;26;1
28458;1137;571;22;28;26;1
28459;1141;451;22;28;26;1
28465;1141;391;22;28;26;1
28478;1145;331;22;28;26;1
28504;1145;1;22;28;26;1
28508;1145;91;22;28;26;1
28518;1141;271;22;28;26;1
28525;1145;151;22;28;26;1
28526;1137;811;22;28;26;1
28548;1129;871;22;28;26;1
28572;1129;1051;22;28;26;1
28577;1139;601;22;28;26;1
28608;1145;31;22;28;26;1
28626;1145;841;22;28;26;1
28641;1141;181;22;28;26;1
28689;1141;211;22;28;26;1
28748;1139;661;22;28;26;1
28779;1139;691;22;28;26;1
28781;1139;721;22;28;26;1
28783;1139;751;22;28;26;1
28784;1129;1111;22;28;26;1
28789;1129;931;22;28;26;1
28790;1129;961;22;28;26;1
28796;1129;991;22;28;26;1
28798;1;1149;22;28;26;1
28799;25;1149;22;28;26;1
28809;49;1149;22;28;26;1
28818;73;1141;22;28;26;1
28822;97;1141;22;28;26;1
28843;121;1141;22;28;26;1
28846;145;1141;22;28;26;1
28856;169;1141;22;28;26;1
28857;193;1141;22;28;26;1
28860;217;1141;22;28;26;1
28861;241;1141;22;28;26;1
28865;265;1141;22;28;26;1
28866;289;1141;22;28;26;1
28872;313;1141;22;28;26;1
28874;337;1141;22;28;26;1
28888;361;1141;22;28;26;1
28891;385;1141;22;28;26;1
28895;409;1141;22;28;26;1
28900;433;1141;22;28;26;1
28902;457;1141;22;28;26;1
28903;481;1141;22;28;26;1
28905;505;1141;22;28;26;1
28907;529;1141;22;28;26;1
28909;553;1141;22;28;26;1
28921;577;1141;22;28;26;1
28937;601;1141;22;28;26;1
28949;625;1141;22;28;26;1
28951;649;1141;22;28;26;1
28953;673;1141;22;28;26;1
28966;697;1141;22;28;26;1
28976;721;1141;22;28;26;1
28982;745;1141;22;28;26;1
29004;769;1141;22;28;26;1
29006;793;1141;22;28;26;1
29022;817;1141;22;28;26;1
29031;841;1141;22;28;26;1
29038;865;1141;22;28;26;1
29053;889;1141;22;28;26;1
29060;913;1141;22;28;26;1
29066;937;1141;22;28;26;1
29071;961;1141;22;28;26;1
29076;985;1141;22;28;26;1
29087;1009;1141;22;28;26;1
29088;1033;1141;22;28;26;1
29100;1057;1141;22;28;26;1
29123;1081;1141;22;28;26;1
29141;1105;1141;22;28;26;1
29157;1129;1141;22;28;26;1
29190;1151;541;22;28;26;1
29226;1151;481;22;28;26;1
29228;1163;421;22;28;26;1
29233;1161;361;22;28;26;1
29237;1153;301;22;28;26;1
29238;1167;121;22;28;26;1
29239;1167;61;22;28;26;1
29240;1153;241;22;28;26;1
29241;1151;631;22;28;26;1
29245;1153;781;22;28;26;1
29255;1147;1081;22;28;26;1
29256;1151;901;22;28;26;1
29260;1151;1021;22;28;26;1
29261;1161;571;22;28;26;1
29273;1161;511;22;28;26;1
29275;1165;451;22;28;26;1
29279;1165;391;22;28;26;1
29282;1169;331;22;28;26;1
29287;1169;1;22;28;26;1
29289;1169;91;22;28;26;1
29298;1165;271;22;28;26;1
29301;1169;151;22;28;26;1
29305;1161;811;22;28;26;1
29306;1153;871;22;28;26;1
29316;1153;1051;22;28;26;1
29330;1163;601;22;28;26;1
29356;1169;31;22;28;26;1
29359;1169;841;22;28;26;1
29366;1165;181;22;28;26;1
29369;1165;211;22;28;26;1
29378;1163;661;22;28;26;1
29392;1163;691;22;28;26;1
29399;1163;721;22;28;26;1
29408;1163;751;22;28;26;1
29409;1153;1111;22;28;26;1
29420;1153;1141;22;28;26;1
29421;1153;931;22;28;26;1
29422;1153;961;22;28;26;1
29425;1153;991;22;28;26;1
29432;1;1179;22;28;26;1
29436;25;1179;22;28;26;1
29454;49;1179;22;28;26;1
29461;73;1171;22;28;26;1
29467;97;1171;22;28;26;1
29468;121;1171;22;28;26;1
29469;145;1171;22;28;26;1
29481;169;1171;22;28;26;1
29482;193;1171;22;28;26;1
29483;217;1171;22;28;26;1
29486;241;1171;22;28;26;1
29492;265;1171;22;28;26;1
29502;289;1171;22;28;26;1
29536;313;1171;22;28;26;1
29572;337;1171;22;28;26;1
29575;361;1171;22;28;26;1
29577;385;1171;22;28;26;1
29579;409;1171;22;28;26;1
29590;433;1171;22;28;26;1
29595;457;1171;22;28;26;1
29609;481;1171;22;28;26;1
29611;505;1171;22;28;26;1
29615;529;1171;22;28;26;1
29616;553;1171;22;28;26;1
29618;577;1171;22;28;26;1
29623;601;1171;22;28;26;1
29627;625;1171;22;28;26;1
29632;649;1171;22;28;26;1
29642;673;1171;22;28;26;1
29645;697;1171;22;28;26;1
29664;721;1171;22;28;26;1
29677;745;1171;22;28;26;1
29699;769;1171;22;28;26;1
29702;793;1171;22;28;26;1
29705;817;1171;22;28;26;1
29712;841;1171;22;28;26;1
29730;865;1171;22;28;26;1
29733;889;1171;22;28;26;1
29734;913;1171;22;28;26;1
29748;937;1171;22;28;26;1
29749;961;1171;22;28;26;1
29750;985;1171;22;28;26;1
29781;1009;1171;22;28;26;1
29790;1033;1171;22;28;26;1
29791;1057;1171;22;28;26;1
29808;1081;1171;22;28;26;1
29814;1105;1171;22;28;26;1
29824;1129;1171;22;28;26;1
29827;1153;1171;22;28;26;1
29835;1175;541;22;28;26;1
29864;1175;481;22;28;26;1
29916;1187;421;22;28;26;1
29923;1185;361;22;28;26;1
29926;1177;301;22;28;26;1
29942;1191;121;22;28;26;1
29976;1191;61;22;28;26;1
29978;1177;241;22;28;26;1
29980;1175;631;22;28;26;1
29983;1177;781;22;28;26;1
29992;1171;1081;20;28;26;1
29993;1175;901;22;28;26;1
29997;1175;1021;22;28;26;1
30000;1185;571;18;28;26;3
30001;1185;511;18;28;26;3
30002;1189;451;18;28;26;3
30003;1189;391;18;28;26;3
30005;1193;331;22;28;26;1
30007;1193;1;22;28;26;1
30011;1193;91;22;28;26;1
30021;1189;271;22;28;26;1
30028;1193;151;22;28;26;1
30031;1185;811;22;28;26;1
30041;1177;871;22;28;26;1
30044;1193;1051;22;28;26;1
30053;1187;601;22;28;26;1
30058;1193;31;22;28;26;1
30095;1193;841;22;28;26;1
30097;1193;1081;22;28;26;1
30103;1189;181;22;28;26;1
30105;1189;211;22;28;26;1
30106;1187;661;22;28;26;1
30116;1187;691;22;28;26;1
30123;1187;721;22;28;26;1
30127;1187;751;22;28;26;1
30130;1177;1111;22;28;26;1
30140;1177;931;22;28;26;1
30149;1177;1141;22;28;26;1
30151;1177;1171;22;28;26;1
30154;1177;961;22;28;26;1
30162;1177;991;22;28;26;1
30165;1;1209;22;28;26;1
30171;25;1209;22;28;26;1
30184;49;1209;22;28;26;1
30186;73;1201;22;28;26;1
30187;97;1201;22;28;26;1
30196;121;1201;22;28;26;1
30240;145;1201;22;28;26;1
30246;169;1201;22;28;26;1
30249;193;1201;22;28;26;1
30250;217;1201;22;28;26;1
30251;241;1201;22;28;26;1
30270;265;1201;22;28;26;1
30294;289;1201;22;28;26;1
30315;313;1201;22;28;26;1
30331;337;1201;22;28;26;1
30333;361;1201;18;28;26;3
30334;381;1201;22;28;26;1
30338;405;1201;22;28;26;1
30340;429;1201;22;28;26;1
30342;453;1201;20;28;26;3
30343;475;1201;22;28;26;1
30353;499;1201;22;28;26;1
30382;523;1201;22;28;26;1
30385;547;1201;22;28;26;1
30406;571;1201;22;28;26;1
30408;595;1201;22;28;26;1
30410;619;1201;22;28;26;1
30414;643;1201;22;28;26;1
30415;667;1201;22;28;26;1
30416;691;1201;22;28;26;1
30417;715;1201;22;28;26;1
30418;739;1201;22;28;26;1
30420;763;1201;22;28;26;1
30422;787;1201;22;28;26;1
30423;811;1201;22;28;26;1
30424;835;1201;22;28;26;1
30427;859;1201;22;28;26;1
30431;883;1201;22;28;26;1
30446;907;1201;18;28;26;3
30447;927;1201;22;28;26;1
30450;951;1201;22;28;26;1
30452;975;1201;20;28;26;3
30456;997;1201;22;28;26;1
30457;1021;1201;22;28;26;1
30460;1045;1201;22;28;26;1
30462;1069;1201;22;28;26;1
30465;1093;1201;22;28;26;1
30473;1117;1201;22;28;26;1
30475;1141;1201;22;28;26;1
30495;1165;1201;22;28;26;1
30496;1189;1201;22;28;26;1
30504;1199;541;22;28;26;1
30505;1199;481;22;28;26;1
30511;1201;301;22;28;26;1
30519;1215;121;22;28;26;1
30522;1215;61;22;28;26;1
30524;1201;241;22;28;26;1
30528;1199;631;22;28;26;1
30529;1201;781;22;28;26;1
30544;1199;901;22;28;26;1
30555;1199;1021;22;28;26;1
30561;1205;571;22;28;26;1
30566;1205;511;22;28;26;1
30571;1209;451;22;28;26;1
30585;1217;1;22;28;26;1
30596;1217;91;22;28;26;1
30597;1213;271;22;28;26;1
30604;1217;151;22;28;26;1
30606;1209;811;22;28;26;1
30610;1201;871;22;28;26;1
30629;1217;1051;22;28;26;1
30631;1211;601;22;28;26;1
30634;1217;331;22;28;26;1
30636;1217;31;22;28;26;1
30651;1217;841;22;28;26;1
30683;1217;1081;22;28;26;1
30691;1213;1111;22;28;26;1
30693;1213;181;22;28;26;1
30697;1213;211;22;28;26;1
30701;1213;1141;22;28;26;1
30702;1201;1171;22;28;26;1
30707;1213;1201;22;28;26;1
30719;1211;661;22;28;26;1
30721;1211;361;22;28;26;1
30722;1209;391;22;28;26;1
30733;1211;421;22;28;26;1
30740;1211;691;22;28;26;1
30742;1211;721;22;28;26;1
30768;1211;751;22;28;26;1
30772;1201;931;22;28;26;1
30776;1201;961;22;28;26;1
30782;1201;991;22;28;26;1
30784;1;1239;22;28;26;1
30805;25;1239;22;28;26;1
30828;49;1239;22;28;26;1
30830;73;1231;22;28;26;1
30861;97;1231;22;28;26;1
30862;121;1231;22;28;26;1
30865;145;1231;22;28;26;1
30871;169;1231;22;28;26;1
30879;193;1231;22;28;26;1
30887;217;1231;22;28;26;1
30896;241;1231;22;28;26;1
30899;265;1231;22;28;26;1
30906;289;1231;22;28;26;1
30910;313;1231;22;28;26;1
30913;337;1231;22;28;26;1
30917;361;1231;22;28;26;1
30923;385;1231;22;28;26;1
30928;409;1231;22;28;26;1
30933;433;1231;22;28;26;1
30952;457;1231;22;28;26;1
31028;481;1231;22;28;26;1
31034;505;1231;22;28;26;1
31036;529;1231;22;28;26;1
31038;553;1231;22;28;26;1
31048;577;1231;22;28;26;1
31062;601;1231;22;28;26;1
31067;625;1231;22;28;26;1
31069;649;1231;22;28;26;1
31070;673;1231;22;28;26;1
31071;697;1231;22;28;26;1
31077;721;1231;22;28;26;1
31080;745;1231;22;28;26;1
31085;769;1231;22;28;26;1
31095;793;1231;22;28;26;1
31096;817;1231;22;28;26;1
31104;841;1231;22;28;26;1
31105;865;1231;22;28;26;1
31108;889;1231;22;28;26;1
31109;913;1231;22;28;26;1
31119;937;1231;22;28;26;1
31163;961;1231;22;28;26;1
31165;985;1231;22;28;26;1
31166;1009;1231;22;28;26;1
31168;1033;1231;22;28;26;1
31169;1057;1231;22;28;26;1
31171;1081;1231;22;28;26;1
31179;1105;1231;22;28;26;1
31181;1129;1231;22;28;26;1
31185;1153;1231;22;28;26;1
31186;1177;1231;22;28;26;1
31192;1201;1231;22;28;26;1
31199;1223;541;22;28;26;1
31209;1223;481;22;28;26;1
31215;1239;121;22;28;26;1
31216;1225;301;22;28;26;1
31227;1239;61;22;28;26;1
31232;1225;241;22;28;26;1
31243;1225;1171;22;28;26;1
31245;1223;631;22;28;26;1
31246;1233;391;22;28;26;1
31258;1225;781;22;28;26;1
31264;1223;901;22;28;26;1
31282;1223;1021;22;28;26;1
31283;1229;571;22;28;26;1
31291;1229;511;22;28;26;1
31292;1233;451;22;28;26;1
31293;1241;1;22;28;26;1
31295;1241;91;22;28;26;1
31302;1237;271;22;28;26;1
31348;1241;151;22;28;26;1
31350;1235;361;22;28;26;1
31351;1233;811;22;28;26;1
31353;1225;871;22;28;26;1
31354;1241;1051;22;28;26;1
31359;1235;601;22;28;26;1
31361;1235;421;22;28;26;1
31363;1241;31;22;28;26;1
31373;1241;331;22;28;26;1
31383;1241;841;22;28;26;1
31384;1241;1081;22;28;26;1
31388;1237;181;22;28;26;1
31389;1237;211;22;28;26;1
31391;1237;1111;22;28;26;1
31397;1237;1141;22;28;26;1
31398;1237;1201;22;28;26;1
31423;1235;661;22;28;26;1
31435;1235;691;22;28;26;1
31446;1235;721;22;28;26;1
31449;1235;751;22;28;26;1
31454;1225;1231;22;28;26;1
31455;1225;931;22;28;26;1
31456;1225;961;22;28;26;1
31461;1225;991;22;28;26;1
31469;1247;541;22;28;26;1
31471;1247;481;22;28;26;1
31481;1263;121;22;28;26;1
31487;1257;391;22;28;26;1
31505;1263;61;22;28;26;1
31508;1249;301;22;28;26;1
31513;1249;241;22;28;26;1
31515;1249;1171;22;28;26;1
31526;1247;631;22;28;26;1
31528;1249;781;22;28;26;1
31532;1247;901;22;28;26;1
31548;1247;1021;22;28;26;1
31561;1253;571;22;28;26;1
31563;1253;511;22;28;26;1
31567;1257;451;22;28;26;1
31568;1259;361;22;28;26;1
31569;1265;1;22;28;26;1
31570;1265;91;22;28;26;1
31572;1261;271;22;28;26;1
31574;1265;151;22;28;26;1
31581;1257;811;22;28;26;1
31607;1249;871;22;28;26;1
31609;1265;1051;22;28;26;1
31614;1259;601;22;28;26;1
31616;1259;421;22;28;26;1
31629;1265;331;22;28;26;1
31639;1265;31;22;28;26;1
31649;1265;841;22;28;26;1
31661;1265;1081;22;28;26;1
31665;1261;181;22;28;26;1
31687;1261;211;22;28;26;1
31699;1261;1111;22;28;26;1
31709;1261;1141;22;28;26;1
31726;1261;1201;22;28;26;1
31735;1259;661;22;28;26;1
31751;1259;691;22;28;26;1
31807;1259;721;22;28;26;1
31809;1259;751;22;28;26;1
31821;1249;1231;22;28;26;1
31859;1249;931;22;28;26;1
31867;1249;961;22;28;26;1
31881;1249;991;22;28;26;1
31890;1;1269;22;28;26;1
31895;25;1269;22;28;26;1
31896;49;1269;22;28;26;1
31918;73;1261;22;28;26;1
31921;97;1261;22;28;26;1
31929;121;1261;22;28;26;1
31934;145;1261;22;28;26;1
31946;169;1261;22;28;26;1
31957;193;1261;22;28;26;1
31958;217;1261;22;28;26;1
31961;241;1261;22;28;26;1
31967;265;1261;22;28;26;1
31995;289;1261;22;28;26;1
32010;313;1261;22;28;26;1
32032;337;1261;22;28;26;1
32034;361;1261;22;28;26;1
32039;385;1261;22;28;26;1
32043;409;1261;22;28;26;1
32047;433;1261;18;28;26;3
32066;453;1261;22;28;26;1
32113;477;1261;22;28;26;1
32153;501;1261;22;28;26;1
32154;525;1261;22;28;26;1
32321;549;1261;22;28;26;1
32416;573;1261;20;28;26;1
32418;595;1261;22;28;26;1
32420;619;1261;22;28;26;1
32422;643;1261;22;28;26;1
32423;667;1261;22;28;26;1
32426;691;1261;22;28;26;1
32431;715;1261;22;28;26;1
32433;739;1261;22;28;26;1
32435;763;1261;22;28;26;1
32437;787;1261;22;28;26;1
32439;811;1261;22;28;26;1
32440;835;1261;22;28;26;1
32441;859;1261;22;28;26;1
32445;883;1261;22;28;26;1
32447;907;1261;22;28;26;1
32451;931;1261;22;28;26;1
32452;955;1261;22;28;26;1
32453;979;1261;22;28;26;1
32454;1003;1261;22;28;26;1
32455;1027;1261;22;28;26;1
32456;1051;1261;22;28;26;1
32458;1075;1261;22;28;26;1
32461;1099;1261;22;28;26;1
32462;1123;1261;22;28;26;1
32463;1147;1261;22;28;26;1
32465;1171;1261;22;28;26;1
32466;1195;1261;22;28;26;1
32467;1219;1261;22;28;26;1
32469;1243;1261;22;28;26;1
32472;1271;541;22;28;26;1
32473;1271;481;22;28;26;1
32474;1287;121;22;28;26;1
32476;1281;391;22;28;26;1
32477;1273;301;22;28;26;1
32478;1287;61;22;28;26;1
32479;1273;241;22;28;26;1
32483;1273;1171;22;28;26;1
32487;1271;631;22;28;26;1
32489;1273;781;22;28;26;1
32490;1271;901;22;28;26;1
32493;1271;1021;22;28;26;1
32494;1277;571;22;28;26;1
32495;1277;511;22;28;26;1
32496;1281;451;22;28;26;1
32499;1283;361;22;28;26;1
32500;1289;1;22;28;26;1
32501;1289;91;22;28;26;1
32503;1285;271;22;28;26;1
32504;1289;151;22;28;26;1
32509;1281;811;22;28;26;1
32511;1273;871;22;28;26;1
32512;1289;1051;22;28;26;1
32516;1283;601;22;28;26;1
32517;1283;421;22;28;26;1
32518;1289;331;22;28;26;1
32521;1289;31;22;28;26;1
32526;1289;841;22;28;26;1
32531;1289;1081;22;28;26;1
32532;1285;181;22;28;26;1
32533;1285;211;22;28;26;1
32534;1285;1111;22;28;26;1
32536;1285;1141;22;28;26;1
32538;1285;1201;22;28;26;1
32541;1283;661;22;28;26;1
32544;1283;691;22;28;26;1
32548;1283;721;22;28;26;1
32552;1283;751;22;28;26;1
32553;1267;1261;22;28;26;1
32558;1273;1231;22;28;26;1
32560;1273;931;22;28;26;1
32564;1273;961;22;28;26;1
32568;1273;991;22;28;26;1
32570;1;1299;22;28;26;1
32580;25;1299;22;28;26;1
32592;49;1299;22;28;26;1
32593;73;1291;22;28;26;1
32597;97;1291;22;28;26;1
32599;121;1291;22;28;26;1
32602;145;1291;22;28;26;1
32610;169;1291;22;28;26;1
32617;193;1291;22;28;26;1
32618;217;1291;22;28;26;1
32622;241;1291;22;28;26;1
32626;265;1291;22;28;26;1
32641;289;1291;22;28;26;1
32650;313;1291;22;28;26;1
32654;337;1291;22;28;26;1
32670;361;1291;22;28;26;1
32673;385;1291;22;28;26;1
32676;409;1291;22;28;26;1
32701;433;1291;22;28;26;1
32709;457;1291;22;28;26;1
32724;481;1291;22;28;26;1
32728;505;1291;22;28;26;1
32745;529;1291;22;28;26;1
32753;553;1291;22;28;26;1
32763;577;1291;22;28;26;1
32764;601;1291;22;28;26;1
32768;625;1291;22;28;26;1
32769;649;1291;22;28;26;1
32771;673;1291;22;28;26;1
32773;697;1291;22;28;26;1
32780;721;1291;22;28;26;1
32781;745;1291;22;28;26;1
32784;769;1291;22;28;26;1
32791;793;1291;22;28;26;1
32819;817;1291;22;28;26;1
32822;841;1291;22;28;26;1
32823;865;1291;22;28;26;1
32824;889;1291;22;28;26;1
32827;913;1291;22;28;26;1
32829;937;1291;22;28;26;1
32838;961;1291;22;28;26;1
32842;985;1291;22;28;26;1
32843;1009;1291;22;28;26;1
32844;1033;1291;22;28;26;1
32852;1057;1291;22;28;26;1
32856;1081;1291;22;28;26;1
32858;1105;1291;22;28;26;1
32874;1129;1291;22;28;26;1
32899;1153;1291;22;28;26;1
32902;1177;1291;22;28;26;1
32905;1291;1261;18;28;26;3
32908;1201;1291;22;28;26;1
32918;1225;1291;18;28;26;3
32920;1245;1291;22;28;26;1
32922;1269;1291;22;28;26;1
32925;1295;541;22;28;26;1
32928;1295;481;22;28;26;1
32929;1311;121;22;28;26;1
32930;1305;391;22;28;26;1
32932;1297;301;22;28;26;1
32933;1311;61;22;28;26;1
32937;1297;241;22;28;26;1
32942;1297;1171;22;28;26;1
32943;1295;631;22;28;26;1
32946;1297;781;22;28;26;1
32948;1295;901;22;28;26;1
32954;1295;1021;22;28;26;1
32958;1297;1231;22;28;26;1
32959;1301;571;22;28;26;1
32960;1301;511;22;28;26;1
32961;1305;451;22;28;26;1
32963;1307;361;18;28;26;3
32966;1313;1;22;28;26;1
32972;1313;91;22;28;26;1
32974;1309;271;22;28;26;1
32982;1313;151;22;28;26;1
32986;1305;811;22;28;26;1
32988;1297;871;22;28;26;1
32990;1313;1051;22;28;26;1
32993;1309;1201;22;28;26;1
32999;1307;601;22;28;26;1
33007;1307;421;22;28;26;1
33011;1313;331;22;28;26;1
33014;1313;31;22;28;26;1
33016;1313;841;22;28;26;1
33021;1313;1081;22;28;26;1
33026;1311;1261;22;28;26;1
33030;1309;181;22;28;26;1
33033;1309;211;22;28;26;1
33039;1309;1111;22;28;26;1
33041;1309;1141;22;28;26;1
33046;1307;661;22;28;26;1
33050;1307;691;22;28;26;1
33073;1307;721;22;28;26;1
33080;1307;751;22;28;26;1
33086;1293;1291;22;28;26;1
33100;1297;931;22;28;26;1
33104;1297;961;22;28;26;1
33105;1297;991;22;28;26;1
33108;1;1329;22;28;26;1
33109;25;1329;22;28;26;1
33114;49;1329;22;28;26;1
33125;73;1321;22;28;26;1
33136;97;1321;22;28;26;1
33145;121;1321;22;28;26;1
33146;145;1321;22;28;26;1
33147;169;1321;22;28;26;1
33150;193;1321;22;28;26;1
33151;217;1321;22;28;26;1
33152;241;1321;22;28;26;1
33162;265;1321;22;28;26;1
33167;289;1321;22;28;26;1
33179;313;1321;22;28;26;1
33180;337;1321;22;28;26;1
33181;361;1321;22;28;26;1
33210;385;1321;22;28;26;1
33216;409;1321;22;28;26;1
33218;433;1321;22;28;26;1
33226;457;1321;22;28;26;1
33251;481;1321;20;28;26;3
33258;1317;1291;18;28;26;3
33261;503;1321;22;28;26;1
33267;527;1321;22;28;26;1
33268;551;1321;22;28;26;1
33292;575;1321;22;28;26;1
33293;599;1321;22;28;26;1
33296;623;1321;22;28;26;1
33298;647;1321;22;28;26;1
33300;671;1321;22;28;26;1
33310;695;1321;22;28;26;1
33311;719;1321;22;28;26;1
33322;743;1321;22;28;26;1
33324;767;1321;22;28;26;1
33328;791;1321;22;28;26;1
33329;815;1321;22;28;26;1
33335;839;1321;22;28;26;1
33337;863;1321;22;28;26;1
33390;887;1321;20;28;26;3
33391;909;1321;20;28;26;3
33392;931;1321;22;28;26;1
33394;955;1321;22;28;26;1
33395;979;1321;22;28;26;1
33402;1003;1321;22;28;26;1
33406;1027;1321;22;28;26;1
33410;1051;1321;22;28;26;1
33419;1075;1321;22;28;26;1
33426;1099;1321;22;28;26;1
33436;1123;1321;22;28;26;1
33437;1147;1321;22;28;26;1
33443;1171;1321;22;28;26;1
33445;1195;1321;22;28;26;1
33446;1219;1321;22;28;26;1
33452;1243;1321;22;28;26;1
33453;1267;1321;22;28;26;1
33455;1291;1321;22;28;26;1
33457;1319;541;22;28;26;1
33459;1319;481;22;28;26;1
33465;1335;121;22;28;26;1
33469;1321;301;22;28;26;1
33479;1327;361;22;28;26;1
33485;1335;61;22;28;26;1
33487;1321;1231;22;28;26;1
33490;1321;241;22;28;26;1
33492;1321;1171;22;28;26;1
33495;1319;631;22;28;26;1
33502;1321;781;22;28;26;1
33504;1319;901;22;28;26;1
33509;1319;1021;22;28;26;1
33510;1325;571;22;28;26;1
33521;1325;511;22;28;26;1
33529;1329;451;22;28;26;1
33538;1329;391;22;28;26;1
33539;1337;331;22;28;26;1
33540;1337;1;22;28;26;1
33550;1337;91;22;28;26;1
33559;1335;1261;22;28;26;1
33563;1333;271;22;28;26;1
33579;1337;151;22;28;26;1
33580;1333;1201;22;28;26;1
33589;1329;811;22;28;26;1
33590;1321;871;22;28;26;1
33592;1337;1051;22;28;26;1
33606;1331;601;22;28;26;1
33609;1331;421;22;28;26;1
33615;1337;31;22;28;26;1
33616;1337;1291;22;28;26;1
33618;1337;841;22;28;26;1
33631;1337;1081;22;28;26;1
33633;1333;181;22;28;26;1
33635;1333;211;22;28;26;1
33639;1333;1111;22;28;26;1
33647;1333;1141;22;28;26;1
33655;1331;661;22;28;26;1
33683;1331;691;22;28;26;1
33707;1331;721;22;28;26;1
33713;1331;751;22;28;26;1
33716;1315;1321;22;28;26;1
33719;1321;931;22;28;26;1
33725;1321;961;22;28;26;1
33735;1321;991;22;28;26;1
33738;1;1359;22;28;26;1
33740;25;1359;22;28;26;1
33756;49;1359;22;28;26;1
33760;73;1351;22;28;26;1
33778;97;1351;22;28;26;1
33795;121;1351;22;28;26;1
33796;145;1351;22;28;26;1
33804;169;1351;22;28;26;1
33806;193;1351;22;28;26;1
33821;217;1351;22;28;26;1
33829;241;1351;22;28;26;1
33830;265;1351;22;28;26;1
33832;289;1351;22;28;26;1
33853;313;1351;22;28;26;1
33879;337;1351;22;28;26;1
33883;361;1351;22;28;26;1
33889;385;1351;22;28;26;1
33891;409;1351;22;28;26;1
33897;433;1351;22;28;26;1
33900;457;1351;22;28;26;1
33905;481;1351;22;28;26;1
33909;505;1351;22;28;26;1
33922;529;1351;22;28;26;1
33945;553;1351;22;28;26;1
33948;577;1351;22;28;26;1
33970;601;1351;22;28;26;1
33976;625;1351;22;28;26;1
33978;649;1351;22;28;26;1
33983;673;1351;22;28;26;1
33988;697;1351;22;28;26;1
34013;721;1351;22;28;26;1
34028;745;1351;22;28;26;1
34067;769;1351;22;28;26;1
34074;793;1351;22;28;26;1
34091;817;1351;22;28;26;1
34092;841;1351;22;28;26;1
34107;865;1351;22;28;26;1
34109;889;1351;22;28;26;1
34121;913;1351;22;28;26;1
34122;937;1351;22;28;26;1
34164;961;1351;22;28;26;1
34174;985;1351;22;28;26;1
34180;1009;1351;22;28;26;1
34218;1033;1351;22;28;26;1
34223;1057;1351;22;28;26;1
34224;1081;1351;22;28;26;1
34249;1105;1351;22;28;26;1
34255;1129;1351;22;28;26;1
34259;1153;1351;22;28;26;1
34268;1177;1351;22;28;26;1
34276;1201;1351;22;28;26;1
34281;1225;1351;22;28;26;1
34299;1249;1351;22;28;26;1
34321;1273;1351;22;28;26;1
34382;1297;1351;22;28;26;1
34383;1321;1351;22;28;26;1
34384;1343;541;22;28;26;1
34385;1343;481;22;28;26;1
34388;1351;361;22;28;26;1
34394;1345;301;22;28;26;1
34411;1359;121;22;28;26;1
34425;1345;1231;22;28;26;1
34429;1359;61;22;28;26;1
34430;1345;241;22;28;26;1
34432;1345;1171;22;28;26;1
34433;1343;631;22;28;26;1
34444;1345;781;22;28;26;1
34453;1343;901;22;28;26;1
34468;1343;1021;22;28;26;1
34503;1339;1321;22;28;26;1
34507;1349;571;22;28;26;1
34521;1349;511;22;28;26;1
34523;1353;451;22;28;26;1
34532;1353;391;22;28;26;1
34542;1361;331;22;28;26;1
34544;1359;1261;22;28;26;1
34558;1361;1;22;28;26;1
34562;1361;91;22;28;26;1
34570;1357;271;22;28;26;1
34578;1361;151;22;28;26;1
34581;1357;1201;22;28;26;1
34583;1353;811;22;28;26;1
34584;1345;871;22;28;26;1
34588;1361;1051;22;28;26;1
34593;1355;601;22;28;26;1
34597;1355;421;22;28;26;1
34609;1361;1291;22;28;26;1
34612;1361;31;22;28;26;1
34615;1361;841;22;28;26;1
34623;1361;1081;22;28;26;1
34631;1357;181;22;28;26;1
34649;1357;211;22;28;26;1
34656;1357;1111;22;28;26;1
34676;1357;1141;22;28;26;1
34678;1355;661;22;28;26;1
34684;1355;691;22;28;26;1
34690;1355;721;22;28;26;1
34701;1355;751;22;28;26;1
34728;1345;1351;22;28;26;1
34746;1345;931;22;28;26;1
34769;1345;961;22;28;26;1
34837;1345;991;22;28;26;1
34850;1367;541;22;28;26;1
34880;1367;481;22;28;26;1
34885;1375;361;22;28;26;1
34892;1369;301;22;28;26;1
34893;1383;121;22;28;26;1
34903;1369;1231;22;28;26;1
34913;1383;61;22;28;26;1
34915;1369;241;22;28;26;1
34917;1369;1171;22;28;26;1
34920;1367;631;22;28;26;1
34923;1369;781;22;28;26;1
34924;1363;1321;22;28;26;1
34935;1367;901;22;28;26;1
34948;1367;1021;22;28;26;1
34955;1373;571;22;28;26;1
34957;1373;511;22;28;26;1
34962;1377;451;22;28;26;1
34966;1377;391;22;28;26;1
34972;1385;331;22;28;26;1
34980;1383;1261;22;28;26;1
34987;1385;1;22;28;26;1
34989;1385;91;22;28;26;1
35009;1381;271;22;28;26;1
35010;1385;151;22;28;26;1
35013;1381;1201;22;28;26;1
35023;1377;811;22;28;26;1
35033;1369;871;22;28;26;1
35044;1385;1051;22;28;26;1
35059;1379;601;22;28;26;1
35065;1379;421;22;28;26;1
35079;1385;1291;22;28;26;1
35088;1385;31;22;28;26;1
35114;1385;841;22;28;26;1
35199;1385;1081;22;28;26;1
35201;1381;181;22;28;26;1
35206;1381;211;22;28;26;1
35211;1381;1111;22;28;26;1
35242;1381;1141;22;28;26;1
35265;1379;661;22;28;26;1
35266;1379;691;22;28;26;1
35268;1379;721;22;28;26;1
35269;1379;751;22;28;26;1
35270;1369;1351;22;28;26;1
35272;1369;931;22;28;26;1
35273;1369;961;22;28;26;1
35274;1369;991;22;28;26;1
35278;1;1389;22;28;26;1
35282;1387;1321;20;28;26;1
35299;25;1389;22;28;26;1
35302;49;1389;22;28;26;1
35328;73;1381;22;28;26;1
35442;97;1381;22;28;26;1
35465;121;1381;22;28;26;1
35469;145;1381;22;28;26;1
35475;169;1381;22;28;26;1
35486;193;1381;22;28;26;1
35686;217;1381;22;28;26;1
35745;241;1381;22;28;26;1
35746;265;1381;22;28;26;1
35748;289;1381;22;28;26;1
35752;313;1381;22;28;26;1
35753;337;1381;22;28;26;1
35754;361;1381;22;28;26;1
35757;385;1381;22;28;26;1
35758;409;1381;22;28;26;1
35759;433;1381;22;28;26;1
35760;457;1381;22;28;26;1
35762;481;1381;22;28;26;1
35766;505;1381;22;28;26;1
35768;529;1381;22;28;26;1
35770;553;1381;22;28;26;1
35773;577;1381;22;28;26;1
35774;601;1381;22;28;26;1
35775;625;1381;22;28;26;1
35776;649;1381;22;28;26;1
35777;673;1381;22;28;26;1
35780;697;1381;22;28;26;1
35781;721;1381;22;28;26;1
35782;745;1381;22;28;26;1
35784;769;1381;22;28;26;1
35785;793;1381;22;28;26;1
35786;817;1381;22;28;26;1
35787;841;1381;22;28;26;1
35789;865;1381;22;28;26;1
35793;889;1381;22;28;26;1
35795;913;1381;22;28;26;1
35797;937;1381;22;28;26;1
35799;961;1381;22;28;26;1
35802;985;1381;22;28;26;1
35803;1009;1381;22;28;26;1
35805;1033;1381;22;28;26;1
35806;1057;1381;22;28;26;1
35808;1081;1381;22;28;26;1
35809;1105;1381;22;28;26;1
35810;1129;1381;22;28;26;1
35813;1153;1381;22;28;26;1
35814;1177;1381;22;28;26;1
35821;1201;1381;22;28;26;1
35823;1225;1381;22;28;26;1
35825;1249;1381;22;28;26;1
35826;1273;1381;22;28;26;1
35828;1297;1381;22;28;26;1
35829;1321;1381;22;28;26;1
35830;1345;1381;22;28;26;1
35831;1369;1381;22;28;26;1
35832;1391;541;22;28;26;1
35834;1391;481;22;28;26;1
35835;1399;361;22;28;26;1
35837;1393;301;22;28;26;1
35838;1407;121;22;28;26;1
35840;1393;1231;22;28;26;1
35841;1407;61;22;28;26;1
35843;1393;241;22;28;26;1
35845;1393;1171;22;28;26;1
35848;1391;631;22;28;26;1
35850;1393;781;22;28;26;1
35851;1391;901;22;28;26;1
35854;1391;1021;22;28;26;1
35856;1397;571;22;28;26;1
35859;1397;511;22;28;26;1
35865;1401;451;22;28;26;1
35867;1401;391;22;28;26;1
35868;1409;331;22;28;26;1
35874;1407;1261;22;28;26;1
35875;1409;1;22;28;26;1
35876;1409;91;22;28;26;1
35880;1405;271;22;28;26;1
35884;1409;151;22;28;26;1
35889;1405;1201;22;28;26;1
35895;1401;811;22;28;26;1
35905;1393;871;22;28;26;1
35910;1409;1051;22;28;26;1
35930;1403;601;22;28;26;1
35937;1403;421;22;28;26;1
35946;1409;1291;22;28;26;1
35947;1409;31;22;28;26;1
35980;1409;841;22;28;26;1
36125;1409;1081;22;28;26;1
36127;1409;1321;22;28;26;1
36129;1405;181;22;28;26;1
36130;1405;211;22;28;26;1
36131;1405;1111;22;28;26;1
36132;1405;1141;22;28;26;1
36133;1403;661;22;28;26;1
36134;1403;691;22;28;26;1
36135;1403;721;22;28;26;1
36136;1403;751;22;28;26;1
36137;1393;1351;22;28;26;1
36138;1393;1381;22;28;26;1
36139;1393;931;22;28;26;1
36140;1393;961;22;28;26;1
36141;1393;991;22;28;26;1
36143;1;1419;22;28;26;1
36148;25;1419;22;28;26;1
36149;49;1419;22;28;26;1
36151;73;1411;22;28;26;1
36153;97;1411;22;28;26;1
36154;121;1411;22;28;26;1
36156;145;1411;22;28;26;1
36159;169;1411;22;28;26;1
36162;193;1411;22;28;26;1
36164;217;1411;22;28;26;1
36171;241;1411;22;28;26;1
36172;265;1411;22;28;26;1
36175;289;1411;22;28;26;1
36176;313;1411;22;28;26;1
36180;337;1411;22;28;26;1
36182;361;1411;22;28;26;1
36186;385;1411;22;28;26;1
36187;409;1411;22;28;26;1
36189;433;1411;22;28;26;1
36190;457;1411;22;28;26;1
36192;481;1411;22;28;26;1
36194;505;1411;22;28;26;1
36196;529;1411;22;28;26;1
36198;553;1411;22;28;26;1
36203;577;1411;22;28;26;1
36208;601;1411;22;28;26;1
36212;625;1411;22;28;26;1
36214;649;1411;22;28;26;1
36215;673;1411;22;28;26;1
36225;697;1411;22;28;26;1
36229;721;1411;22;28;26;1
36234;745;1411;22;28;26;1
36235;769;1411;22;28;26;1
36255;793;1411;22;28;26;1
36259;817;1411;22;28;26;1
36275;841;1411;22;28;26;1
36276;865;1411;22;28;26;1
36286;889;1411;22;28;26;1
36291;913;1411;22;28;26;1
36300;937;1411;22;28;26;1
36305;961;1411;22;28;26;1
36317;985;1411;22;28;26;1
36319;1009;1411;22;28;26;1
36324;1033;1411;22;28;26;1
36328;1057;1411;22;28;26;1
36330;1081;1411;22;28;26;1
36335;1105;1411;22;28;26;1
36339;1129;1411;22;28;26;1
36341;1153;1411;22;28;26;1
36342;1177;1411;22;28;26;1
36346;1201;1411;22;28;26;1
36364;1225;1411;22;28;26;1
36367;1249;1411;22;28;26;1
36381;1273;1411;22;28;26;1
36386;1297;1411;22;28;26;1
36393;1321;1411;22;28;26;1
36394;1345;1411;22;28;26;1
36398;1369;1411;22;28;26;1
36405;1393;1411;22;28;26;1
36409;1415;541;22;28;26;1
36420;1415;481;22;28;26;1
36424;1423;361;22;28;26;1
36442;1417;301;22;28;26;1
36454;1431;121;22;28;26;1
36461;1417;1231;22;28;26;1
36466;1431;61;22;28;26;1
36479;1417;241;22;28;26;1
36481;1417;1171;22;28;26;1
36487;1415;631;22;28;26;1
36523;1417;781;22;28;26;1
36524;1415;901;22;28;26;1
36527;1415;1021;22;28;26;1
36530;1421;571;22;28;26;1
36538;1421;511;22;28;26;1
36710;1425;451;22;28;26;1
36712;1425;391;22;28;26;1
36716;1433;331;22;28;26;1
36718;1431;1261;22;28;26;1
36719;1433;1;22;28;26;1
36720;1433;91;22;28;26;1
36731;1429;271;22;28;26;1
36733;1433;151;22;28;26;1
36739;1429;1201;22;28;26;1
36741;1425;811;22;28;26;1
36742;1417;871;22;28;26;1
36744;1433;1051;22;28;26;1
36745;1427;601;22;28;26;1
36752;1427;421;22;28;26;1
36753;1433;1291;22;28;26;1
36755;1433;31;22;28;26;1
36761;1433;841;22;28;26;1
36763;1433;1081;22;28;26;1
36764;1433;1321;22;28;26;1
36766;1429;181;22;28;26;1
36767;1429;211;22;28;26;1
36771;1429;1111;22;28;26;1
36776;1429;1141;22;28;26;1
36777;1427;661;22;28;26;1
36779;1427;691;22;28;26;1
36784;1427;721;22;28;26;1
36785;1427;751;22;28;26;1
36793;1417;1351;22;28;26;1
36796;1417;931;22;28;26;1
36797;1417;1381;22;28;26;1
36798;1417;1411;22;28;26;1
36801;1417;961;22;28;26;1
36804;1417;991;22;28;26;1
36805;1;1449;22;28;26;1
36807;25;1449;22;28;26;1
36808;49;1449;22;28;26;1
36814;73;1441;22;28;26;1
36816;97;1441;22;28;26;1
36817;121;1441;22;28;26;1
36820;145;1441;22;28;26;1
36824;169;1441;22;28;26;1
36825;193;1441;22;28;26;1
36827;217;1441;22;28;26;1
36828;241;1441;22;28;26;1
36829;265;1441;22;28;26;1
36830;289;1441;22;28;26;1
36831;313;1441;22;28;26;1
36842;337;1441;22;28;26;1
36843;361;1441;22;28;26;1
36848;385;1441;22;28;26;1
36855;409;1441;22;28;26;1
36856;433;1441;22;28;26;1
36857;457;1441;22;28;26;1
36861;481;1441;22;28;26;1
36864;505;1441;22;28;26;1
36865;529;1441;22;28;26;1
36866;553;1441;22;28;26;1
36867;577;1441;22;28;26;1
36869;601;1441;22;28;26;1
36870;625;1441;22;28;26;1
36873;649;1441;22;28;26;1
36874;673;1441;22;28;26;1
36877;697;1441;22;28;26;1
36879;721;1441;22;28;26;1
36880;745;1441;22;28;26;1
36882;769;1441;22;28;26;1
36884;793;1441;22;28;26;1
36887;817;1441;22;28;26;1
36889;841;1441;22;28;26;1
36890;865;1441;22;28;26;1
36891;889;1441;22;28;26;1
36893;913;1441;22;28;26;1
36894;937;1441;22;28;26;1
36895;961;1441;22;28;26;1
36896;985;1441;22;28;26;1
36898;1009;1441;22;28;26;1
36910;1033;1441;22;28;26;1
36914;1057;1441;22;28;26;1
36923;1081;1441;22;28;26;1
36924;1105;1441;22;28;26;1
36926;1129;1441;22;28;26;1
36930;1153;1441;22;28;26;1
36935;1177;1441;22;28;26;1
36941;1201;1441;22;28;26;1
36947;1225;1441;22;28;26;1
36948;1249;1441;22;28;26;1
36951;1273;1441;22;28;26;1
36955;1297;1441;22;28;26;1
36963;1321;1441;22;28;26;1
36965;1345;1441;22;28;26;1
36968;1369;1441;22;28;26;1
36973;1393;1441;22;28;26;1
36974;1417;1441;22;28;26;1
36981;1439;541;22;28;26;1
36984;1439;481;22;28;26;1
36991;1447;361;22;28;26;1
36992;1441;301;22;28;26;1
36994;1455;121;22;28;26;1
36995;1441;1231;22;28;26;1
37027;1455;61;22;28;26;1
37030;1441;241;22;28;26;1
37034;1441;1171;22;28;26;1
37038;1439;631;22;28;26;1
37051;1441;781;22;28;26;1
37057;1439;901;22;28;26;1
37070;1439;1021;20;28;26;3
37096;1445;571;22;28;26;1
37117;1445;511;22;28;26;1
37145;1449;451;22;28;26;1
37197;1449;391;22;28;26;1
37202;1457;331;22;28;26;1
37221;1455;1261;22;28;26;1
37226;1457;1;22;28;26;1
37228;1457;91;22;28;26;1
37233;1453;271;22;28;26;1
37237;1457;151;22;28;26;1
37239;1453;1201;22;28;26;1
37240;1449;811;22;28;26;1
37247;1441;871;22;28;26;1
37255;1457;1051;22;28;26;1
37257;1451;601;22;28;26;1
37259;1451;421;22;28;26;1
37266;1457;1291;22;28;26;1
37319;1457;31;22;28;26;1
37322;1457;841;22;28;26;1
37324;1457;1081;22;28;26;1
37325;1457;1321;22;28;26;1
37326;1453;181;22;28;26;1
37327;1453;211;22;28;26;1
37329;1453;1111;22;28;26;1
37340;1453;1141;22;28;26;1
37492;1451;661;22;28;26;1
37512;1451;691;22;28;26;1
38024;1451;721;22;28;26;1
38025;1451;751;22;28;26;1
38035;1441;1351;22;28;26;1
38041;1441;931;22;28;26;1
38045;1441;1381;22;28;26;1
38046;1441;961;22;28;26;1
38047;1441;991;22;28;26;1
38049;1441;1411;22;28;26;1
38050;1441;1441;22;28;26;1
38053;1;1479;22;28;26;1
38057;25;1479;22;28;26;1
38062;49;1479;22;28;26;1
38065;73;1471;22;28;26;1
38069;97;1471;22;28;26;1
38075;121;1471;22;28;26;1
38078;145;1471;22;28;26;1
38081;169;1471;22;28;26;1
38082;193;1471;22;28;26;1
38083;217;1471;22;28;26;1
38085;241;1471;22;28;26;1
38096;265;1471;22;28;26;1
38107;289;1471;22;28;26;1
38108;313;1471;22;28;26;1
38109;337;1471;22;28;26;1
38125;361;1471;22;28;26;1
38130;385;1471;22;28;26;1
38134;409;1471;22;28;26;1
38136;433;1471;22;28;26;1
38138;457;1471;22;28;26;1
38142;481;1471;22;28;26;1
38144;505;1471;22;28;26;1
38145;529;1471;22;28;26;1
38149;553;1471;22;28;26;1
38152;577;1471;22;28;26;1
38153;601;1471;22;28;26;1
38155;625;1471;22;28;26;1
38160;649;1471;22;28;26;1
38162;673;1471;22;28;26;1
38169;697;1471;22;28;26;1
38175;721;1471;22;28;26;1
38177;745;1471;22;28;26;1
38178;769;1471;22;28;26;1
38180;793;1471;22;28;26;1
38181;817;1471;22;28;26;1
38182;841;1471;22;28;26;1
38189;865;1471;22;28;26;1
38190;889;1471;22;28;26;1
38191;913;1471;22;28;26;1
38197;937;1471;22;28;26;1
38203;961;1471;22;28;26;1
38208;985;1471;22;28;26;1
38209;1009;1471;22;28;26;1
38215;1033;1471;22;28;26;1
38220;1057;1471;22;28;26;1
38230;1081;1471;22;28;26;1
38231;1105;1471;22;28;26;1
38236;1129;1471;22;28;26;1
38243;1153;1471;22;28;26;1
38253;1177;1471;22;28;26;1
38256;1201;1471;22;28;26;1
38258;1225;1471;22;28;26;1
38259;1249;1471;22;28;26;1
38262;1273;1471;22;28;26;1
38271;1297;1471;22;28;26;1
38283;1321;1471;22;28;26;1
38343;1345;1471;22;28;26;1
38376;1369;1471;20;28;26;3
38378;1391;1471;20;28;26;3
38381;1413;1471;20;28;26;3
38382;1435;1471;20;28;26;3
38383;1457;1471;22;28;26;1
38386;1463;541;22;28;26;1
38388;1463;481;20;28;26;3
38391;1471;361;22;28;26;1
38392;1465;301;22;28;26;1
38393;1479;121;22;28;26;1
38394;1465;1231;22;28;26;1
38395;1479;61;22;28;26;1
38405;1465;241;22;28;26;1
38414;1465;1171;22;28;26;1
38420;1463;631;22;28;26;1
38422;1465;781;22;28;26;1
38431;1463;901;22;28;26;1
38449;1461;1021;22;28;26;1
38450;1469;571;22;28;26;1
38451;1469;511;22;28;26;1
38452;1473;451;20;28;26;1
38453;1473;391;22;28;26;1
38454;1481;331;22;28;26;1
38459;1479;1261;22;28;26;1
38463;1481;1;22;28;26;1
38464;1481;91;22;28;26;1
38468;1477;271;22;28;26;1
38469;1481;151;22;28;26;1
38472;1477;1201;22;28;26;1
38475;1473;811;22;28;26;1
38476;1465;871;22;28;26;1
38477;1481;1051;22;28;26;1
38480;1475;601;22;28;26;1
38491;1475;421;22;28;26;1
38498;1481;1291;22;28;26;1
38500;1481;31;22;28;26;1
38505;1481;841;22;28;26;1
38506;1481;1081;22;28;26;1
38518;1481;1321;22;28;26;1
38519;1481;1351;22;28;26;1
38534;1481;1381;22;28;26;1
38543;1481;1411;22;28;26;1
38544;1465;1441;22;28;26;1
38548;1481;1471;22;28;26;1
38553;1477;181;22;28;26;1
38556;1477;211;22;28;26;1
38567;1477;1111;22;28;26;1
38582;1477;1141;22;28;26;1
38590;1475;661;22;28;26;1
38596;1475;691;22;28;26;1
38597;1475;721;22;28;26;1
38598;1475;751;22;28;26;1
38599;1465;931;22;28;26;1
38604;1465;961;22;28;26;1
38607;1465;991;22;28;26;1
38613;1487;541;22;28;26;1
38632;1485;481;22;28;26;1
38634;1495;361;22;28;26;1
38646;1489;301;22;28;26;1
38647;1503;121;22;28;26;1
38654;1489;1231;22;28;26;1
38656;1503;61;22;28;26;1
38660;1489;1441;22;28;26;1
38662;1489;241;22;28;26;1
38663;1489;1171;22;28;26;1
38665;1487;631;22;28;26;1
38669;1489;781;22;28;26;1
38675;1487;901;22;28;26;1
38684;1485;1021;22;28;26;1
38706;1493;571;22;28;26;1
38712;1493;511;22;28;26;1
38738;1495;451;22;28;26;1
38745;1497;391;22;28;26;1
38750;1505;331;22;28;26;1
38752;1503;1261;22;28;26;1
38753;1505;1;22;28;26;1
38754;1505;91;22;28;26;1
38761;1505;1471;22;28;26;1
38772;1501;271;22;28;26;1
38774;1505;151;22;28;26;1
38795;1501;1201;22;28;26;1
38808;1497;811;22;28;26;1
38816;1489;871;22;28;26;1
38829;1505;1051;22;28;26;1
38887;1499;601;22;28;26;1
38899;1499;421;22;28;26;1
38901;1505;1291;22;28;26;1
39029;1505;31;22;28;26;1
39030;1505;841;22;28;26;1
39033;1505;1081;22;28;26;1
39034;1505;1321;22;28;26;1
39035;1505;1351;22;28;26;1
39037;1505;1381;22;28;26;1
39038;1505;1411;22;28;26;1
39039;1501;181;22;28;26;1
39041;1501;211;22;28;26;1
39042;1501;1111;22;28;26;1
39044;1501;1141;22;28;26;1
39046;1499;661;22;28;26;1
39047;1499;691;22;28;26;1
39050;1499;721;22;28;26;1
39056;1499;751;22;28;26;1
39057;1489;931;22;28;26;1
39062;1489;961;22;28;26;1
39063;1489;991;22;28;26;1
39064;1;1509;22;28;26;1
39068;25;1509;22;28;26;1
39069;49;1509;22;28;26;1
39072;73;1501;22;28;26;1
39076;97;1501;22;28;26;1
39118;121;1501;22;28;26;1
39123;145;1501;22;28;26;1
39125;169;1501;22;28;26;1
39128;193;1501;22;28;26;1
39129;217;1501;22;28;26;1
39134;241;1501;22;28;26;1
39135;265;1501;22;28;26;1
39184;289;1501;22;28;26;1
39269;313;1501;22;28;26;1
39274;337;1501;22;28;26;1
39277;361;1501;22;28;26;1
39278;385;1501;22;28;26;1
39280;409;1501;22;28;26;1
39281;433;1501;22;28;26;1
39282;457;1501;22;28;26;1
39284;481;1501;22;28;26;1
39286;505;1501;22;28;26;1
39292;529;1501;22;28;26;1
39295;553;1501;22;28;26;1
39300;577;1501;22;28;26;1
39301;601;1501;22;28;26;1
39302;625;1501;22;28;26;1
39304;649;1501;22;28;26;1
39306;673;1501;22;28;26;1
39307;697;1501;22;28;26;1
39311;721;1501;22;28;26;1
39318;745;1501;22;28;26;1
39321;769;1501;22;28;26;1
39336;793;1501;22;28;26;1
39443;817;1501;22;28;26;1
39532;841;1501;22;28;26;1
39533;865;1501;22;28;26;1
39535;889;1501;22;28;26;1
39536;913;1501;22;28;26;1
39537;937;1501;22;28;26;1
39539;961;1501;22;28;26;1
39542;985;1501;22;28;26;1
39550;1009;1501;22;28;26;1
39554;1033;1501;22;28;26;1
39556;1057;1501;22;28;26;1
39559;1081;1501;22;28;26;1
39564;1105;1501;22;28;26;1
39569;1129;1501;22;28;26;1
39575;1153;1501;22;28;26;1
39578;1177;1501;22;28;26;1
39579;1201;1501;22;28;26;1
39588;1225;1501;22;28;26;1
39592;1249;1501;22;28;26;1
39600;1273;1501;22;28;26;1
39607;1297;1501;22;28;26;1
39621;1321;1501;22;28;26;1
39635;1345;1501;22;28;26;1
39640;1369;1501;22;28;26;1
39654;1393;1501;22;28;26;1
39683;1417;1501;22;28;26;1
39699;1441;1501;22;28;26;1
39740;1465;1501;22;28;26;1
39746;1489;1501;22;28;26;1
39748;1511;541;22;28;26;1
39749;1509;481;22;28;26;1
39751;1519;361;22;28;26;1
39764;1513;301;22;28;26;1
40060;1527;121;22;28;26;1
40063;1513;1231;22;28;26;1
40065;1527;61;22;28;26;1
40092;1513;1441;22;28;26;1
40095;1513;241;22;28;26;1
40113;1513;1171;22;28;26;1
40131;1511;631;22;28;26;1
40132;1513;781;22;28;26;1
40150;1511;901;22;28;26;1
40158;1509;1021;22;28;26;1
40479;1517;571;22;28;26;1
40481;1517;511;22;28;26;1
40483;1519;451;22;28;26;1
40485;1521;391;22;28;26;1
40486;1529;331;22;28;26;1
40493;1527;1261;22;28;26;1
40509;1529;1;22;28;26;1
40517;1529;91;22;28;26;1
40521;1529;1471;22;28;26;1
40550;1525;271;22;28;26;1
40560;1529;151;22;28;26;1
40575;1525;1201;22;28;26;1
40614;1521;811;22;28;26;1
40632;1513;871;22;28;26;1
40635;1529;1051;22;28;26;1
40638;1523;601;22;28;26;1
40644;1523;421;22;28;26;1
40654;1529;1291;22;28;26;1
40655;1529;31;22;28;26;1
40657;1529;841;22;28;26;1
40664;1529;1081;22;28;26;1
40667;1529;1321;22;28;26;1
40670;1529;1351;22;28;26;1
40687;1529;1381;22;28;26;1
40723;1529;1411;22;28;26;1
40736;1525;181;20;28;26;3
40763;1525;211;22;28;26;1
40784;1525;1111;22;28;26;1
40831;1525;1141;22;28;26;1
40836;1523;661;22;28;26;1
40857;1523;691;22;28;26;1
40863;1523;721;22;28;26;1
65281;817;745;8;26;26;5
65285;1547;659;18;26;26;3
65286;1549;269;16;26;26;3
65288;1559;983;6;26;26;13
65289;1559;297;6;26;26;5
65290;623;1559;18;24;26;3
65291;1007;1559;14;22;26;5
65292;815;601;4;28;26;5
65295;643;1559;18;24;26;3
65306;1547;687;4;24;26;5
65307;1547;389;4;24;26;5
65308;663;1559;20;24;26;3
65310;685;1559;20;24;26;3
65311;1553;1223;12;26;26;3
65374;1261;1559;20;18;26;1
65533;1523;751;22;28;24;1
